frame,time_s,found,reason,matches,flow_points,inliers,median_error_px,processing_ms,corners
0,0.0,1,found,847,0,732,0.0,76.42249100172194,"[[-2.0444442495138942e-15, -3.577248157524311e-14], [639.0, 2.7893289620325307e-14], [639.0, 359.0], [-3.301858434020741e-14, 359.0]]"
1,0.033366700033366704,1,found,610,146,698,0.22042453289031982,82.70639200054575,"[[1.5337411165237427, 0.08265846222639084], [638.7985229492188, 0.3052511215209961], [638.8678588867188, 358.1139221191406], [1.9121854305267334, 358.2298583984375]]"
2,0.06673340006673341,1,found,533,175,653,0.31356072425842285,80.34170699829701,"[[3.4293389320373535, 0.44543129205703735], [638.3926391601562, 0.29008153080940247], [637.9196166992188, 356.1446228027344], [4.672390460968018, 356.5639953613281]]"
3,0.1001001001001001,1,found,481,193,633,0.36244839429855347,80.3987010003766,"[[6.295467376708984, 0.7624289393424988], [637.0206298828125, 0.3688580095767975], [636.978515625, 353.23541259765625], [8.44529914855957, 353.89306640625]]"
4,0.13346680013346682,1,found,478,186,617,0.35772567987442017,82.60668000002624,"[[9.154057502746582, 0.8818095326423645], [635.3753662109375, -0.0002787585835903883], [635.7239379882812, 350.18804931640625], [11.351641654968262, 351.970947265625]]"
5,0.16683350016683351,1,found,437,191,590,0.4121389389038086,80.40840799367288,"[[11.441910743713379, 0.9162517786026001], [633.5098266601562, -0.5426700711250305], [634.1258544921875, 347.2625732421875], [13.665569305419922, 349.84393310546875]]"
6,0.2002002002002002,1,found,434,198,591,0.4012467563152313,81.11597300012363,"[[11.919252395629883, 1.331794261932373], [630.4453125, -0.3702296018600464], [630.9898681640625, 344.8814392089844], [14.309879302978516, 348.9414367675781]]"
7,0.2335669002335669,1,found,416,203,578,0.45936107635498047,80.87266199436272,"[[12.899201393127441, 2.6097726821899414], [625.8814086914062, -0.2712031900882721], [627.8353271484375, 342.44561767578125], [15.609907150268555, 347.9136657714844]]"
8,0.26693360026693363,1,found,380,221,567,0.4393628239631653,78.07156300259521,"[[13.709264755249023, 3.975240707397461], [621.3265380859375, 0.5847315192222595], [623.870361328125, 339.52099609375], [18.030181884765625, 346.7149963378906]]"
9,0.3003003003003003,1,found,346,243,552,0.5174246430397034,74.04777400370222,"[[16.300678253173828, 6.125998497009277], [617.4638671875, 1.5782653093338013], [621.3040771484375, 337.239990234375], [22.553634643554688, 345.436279296875]]"
10,0.33366700033366703,1,found,345,251,552,0.553305983543396,75.38445300451713,"[[21.592199325561523, 9.410578727722168], [614.7908325195312, 3.4857177734375], [620.1500244140625, 335.3722839355469], [29.312015533447266, 343.6814880371094]]"
11,0.3670337003670337,1,found,299,267,533,0.5515299439430237,73.2868929990218,"[[27.923805236816406, 12.62067985534668], [613.1968994140625, 5.246474266052246], [620.3082885742188, 333.3578186035156], [35.58251190185547, 342.537841796875]]"
12,0.4004004004004004,1,found,227,324,512,0.633744478225708,65.27130400354508,"[[36.37773513793945, 15.579214096069336], [613.439208984375, 6.392462253570557], [622.148681640625, 331.5480041503906], [44.13685989379883, 339.7115173339844]]"
13,0.4337671004337671,1,found,207,335,498,0.8248077034950256,62.61772199650295,"[[46.44929885864258, 17.60576057434082], [614.408447265625, 7.10149621963501], [625.7881469726562, 330.4808654785156], [52.6866455078125, 337.4235534667969]]"
14,0.4671338004671338,1,found,189,342,499,0.6957093477249146,60.56243000057293,"[[53.72126007080078, 18.66229248046875], [616.8565673828125, 7.529747009277344], [626.5548706054688, 325.55499267578125], [63.28841018676758, 333.16607666015625]]"
15,0.5005005005005005,1,found,220,314,495,0.7080368399620056,65.47218000196153,"[[62.37522888183594, 19.373741149902344], [619.57763671875, 7.1606340408325195], [629.7454223632812, 321.9788818359375], [72.13362884521484, 330.0505065917969]]"
16,0.5338672005338673,1,found,236,302,502,0.7160988450050354,65.9730000043055,"[[72.09790802001953, 20.86484146118164], [622.1068725585938, 6.437276840209961], [631.441650390625, 318.4891052246094], [81.9515380859375, 325.93218994140625]]"
17,0.5672339005672339,1,found,275,275,513,0.7006515264511108,72.82385599683039,"[[81.00563049316406, 21.903779983520508], [623.3648071289062, 6.053459167480469], [633.925048828125, 314.6567077636719], [89.55975341796875, 322.1000671386719]]"
18,0.6006006006006006,1,found,285,273,517,0.6598135232925415,74.0721019974444,"[[86.69036102294922, 21.719467163085938], [624.0398559570312, 5.449910640716553], [634.4219360351562, 310.46356201171875], [95.42781066894531, 318.9070129394531]]"
19,0.6339673006339673,1,found,267,286,511,0.6636739373207092,76.44726800208446,"[[92.33526611328125, 22.42509651184082], [623.5274047851562, 4.612819671630859], [634.091064453125, 306.8839416503906], [102.32872009277344, 316.2922668457031]]"
20,0.6673340006673341,1,found,246,294,505,0.709962010383606,74.221254006261,"[[97.91376495361328, 23.58731460571289], [622.1594848632812, 4.076834678649902], [633.3618774414062, 302.82623291015625], [106.29808807373047, 313.6653137207031]]"
21,0.7007007007007007,1,found,264,280,503,0.7195357084274292,74.6493820042815,"[[102.41295623779297, 24.409576416015625], [619.8839721679688, 3.779263496398926], [633.86181640625, 300.8648986816406], [110.13097381591797, 313.0590515136719]]"
22,0.7340674007340674,1,found,268,276,503,0.7013550996780396,74.27644400013378,"[[104.99453735351562, 25.52468490600586], [618.8409423828125, 3.780545949935913], [630.4929809570312, 297.1538391113281], [116.07886505126953, 310.01409912109375]]"
23,0.7674341007674341,1,found,254,289,506,0.7051188945770264,73.78068400430493,"[[107.86421203613281, 26.936168670654297], [615.8048706054688, 4.5522308349609375], [628.6945190429688, 294.5359191894531], [118.2718276977539, 309.2572937011719]]"
24,0.8008008008008008,1,found,259,285,516,0.6995242238044739,74.58816100552212,"[[110.19353485107422, 28.72659683227539], [612.7604370117188, 4.926210403442383], [626.7996215820312, 291.6158752441406], [122.05016326904297, 308.8467712402344]]"
25,0.8341675008341676,1,found,231,309,510,0.6988325119018555,71.76748700294411,"[[113.25989532470703, 30.152685165405273], [610.5747680664062, 5.607529163360596], [624.761962890625, 288.88214111328125], [126.49381256103516, 306.3792724609375]]"
26,0.8675342008675342,1,found,225,323,509,0.7425574660301208,72.16428100218764,"[[116.87458038330078, 32.30121994018555], [607.2322387695312, 6.596861839294434], [623.0857543945312, 286.0887145996094], [130.60260009765625, 305.12872314453125]]"
27,0.9009009009009009,1,found,240,298,498,0.7453453540802002,75.3586950013414,"[[120.43946838378906, 34.13108825683594], [604.4374389648438, 6.944629669189453], [621.0211181640625, 282.68841552734375], [134.4539337158203, 303.9632263183594]]"
28,0.9342676009342676,1,found,203,317,480,0.7915050983428955,76.03580499562668,"[[123.62005615234375, 36.101890563964844], [601.3319091796875, 7.245208263397217], [617.7333984375, 280.00469970703125], [141.4105987548828, 301.75872802734375]]"
29,0.9676343009676344,1,found,214,295,484,0.7610663771629333,78.5244069993496,"[[125.99169921875, 38.597129821777344], [597.0228271484375, 9.165220260620117], [614.6392822265625, 277.24169921875], [141.2774200439453, 301.94085693359375]]"
30,1.001001001001001,1,found,204,316,487,0.818064272403717,77.6773669931572,"[[128.0935516357422, 40.86734390258789], [592.31640625, 9.913649559020996], [611.7059326171875, 274.6947326660156], [144.04696655273438, 301.25738525390625]]"
31,1.0343677010343677,1,found,194,320,482,0.8417993783950806,74.98731999658048,"[[129.73297119140625, 43.731075286865234], [586.5958251953125, 11.105887413024902], [606.9642333984375, 271.72998046875], [145.96490478515625, 301.2806701660156]]"
32,1.0677344010677345,1,found,171,331,474,0.8207910656929016,77.00816199940164,"[[129.0744171142578, 45.88359832763672], [581.2415161132812, 11.97128677368164], [602.172119140625, 268.61871337890625], [147.95314025878906, 300.5670166015625]]"
33,1.1011011011011012,1,found,191,312,475,0.844806969165802,78.89610200072639,"[[129.42654418945312, 50.18782043457031], [574.217041015625, 13.018982887268066], [597.4422607421875, 266.05828857421875], [148.6909942626953, 300.3847961425781]]"
34,1.1344678011344678,1,found,167,333,471,0.8078532218933105,76.46824000403285,"[[128.17227172851562, 52.401817321777344], [567.04150390625, 13.803906440734863], [592.0364379882812, 262.348388671875], [148.91000366210938, 300.7068176269531]]"
35,1.1678345011678346,1,found,148,340,460,0.8972718715667725,77.8932800021721,"[[127.91436767578125, 54.536964416503906], [560.8738403320312, 13.850249290466309], [587.9833374023438, 258.59942626953125], [148.81532287597656, 300.8297119140625]]"
36,1.2012012012012012,1,found,156,337,465,0.9114186763763428,77.55829000234371,"[[127.7359848022461, 57.20000076293945], [553.8504638671875, 13.922750473022461], [582.7258911132812, 255.35162353515625], [150.1607208251953, 299.2647399902344]]"
37,1.234567901234568,1,found,141,341,455,0.9393468499183655,81.42519700049888,"[[124.69723510742188, 59.57985305786133], [546.0951538085938, 13.732102394104004], [576.7171020507812, 250.9403533935547], [150.0255889892578, 298.495849609375]]"
38,1.2679346012679347,1,found,140,341,459,0.9556729793548584,85.15398199961055,"[[124.03657531738281, 62.72786331176758], [539.6720581054688, 13.035721778869629], [572.1776733398438, 247.03460693359375], [152.5775146484375, 297.56396484375]]"
39,1.3013013013013013,1,found,125,356,438,0.9626703262329102,83.81226200435776,"[[120.16171264648438, 65.9056167602539], [531.1263427734375, 14.37010383605957], [566.8572998046875, 243.7538299560547], [149.00924682617188, 302.9786071777344]]"
40,1.3346680013346681,1,found,139,316,429,0.9151071906089783,82.4433020025026,"[[121.5943603515625, 71.46221160888672], [524.5061645507812, 15.686567306518555], [562.568359375, 242.58782958984375], [152.43865966796875, 303.22418212890625]]"
41,1.3680347013680347,1,found,134,314,423,0.9956668019294739,80.67245499842102,"[[122.40534210205078, 76.2066650390625], [518.2313842773438, 18.479780197143555], [559.6277465820312, 242.71914672851562], [154.39524841308594, 305.57171630859375]]"
42,1.4014014014014013,1,found,153,309,422,1.020322322845459,83.68111299932934,"[[123.95101928710938, 81.88312530517578], [514.1514892578125, 20.788795471191406], [557.8265991210938, 241.5701904296875], [157.7148895263672, 306.8270568847656]]"
43,1.4347681014347682,1,found,134,307,416,0.9838622808456421,84.59918100561481,"[[125.437744140625, 85.672119140625], [509.8554382324219, 22.12264060974121], [553.86865234375, 238.92083740234375], [162.31324768066406, 307.6599426269531]]"
44,1.4681348014681348,1,found,126,308,407,1.2493441104888916,81.23810299730394,"[[128.48777770996094, 89.32080841064453], [509.3475646972656, 21.13205909729004], [553.5819702148438, 236.64295959472656], [166.4541778564453, 305.36431884765625]]"
45,1.5015015015015016,1,found,127,300,396,1.0367168188095093,84.64925199950812,"[[129.29910278320312, 91.49852752685547], [504.8651428222656, 22.954858779907227], [549.404296875, 233.66989135742188], [168.12451171875, 304.99957275390625]]"
46,1.5348682015348682,1,found,124,298,394,0.9225431680679321,84.84452600532677,"[[130.38951110839844, 92.70545959472656], [499.9053039550781, 23.572614669799805], [547.3944702148438, 230.3455810546875], [170.2982177734375, 304.9071044921875]]"
47,1.5682349015682349,1,found,117,287,382,0.9594559669494629,83.45012299832888,"[[131.66134643554688, 93.19459533691406], [497.256591796875, 22.019981384277344], [545.5487670898438, 226.32586669921875], [173.3361053466797, 302.1626892089844]]"
48,1.6016016016016017,1,found,123,280,381,0.9972167015075684,84.46772200113628,"[[132.333984375, 93.22698974609375], [493.19708251953125, 21.87828254699707], [543.0995483398438, 222.41921997070312], [174.30731201171875, 300.16668701171875]]"
49,1.6349683016349683,1,found,128,274,377,1.03889799118042,80.82055400154786,"[[133.79904174804688, 93.5892105102539], [490.29296875, 18.75132942199707], [539.6481323242188, 218.0332489013672], [178.35719299316406, 298.3612365722656]]"
50,1.6683350016683351,1,found,112,284,376,0.9932546615600586,86.05109000200173,"[[134.2235565185547, 95.66670227050781], [485.6363220214844, 17.90205192565918], [537.008544921875, 213.18231201171875], [180.9790496826172, 297.3771057128906]]"
51,1.7017017017017018,1,found,94,293,369,1.1193017959594727,75.38964699779171,"[[135.74436950683594, 98.35247039794922], [478.7380065917969, 16.620655059814453], [534.251708984375, 208.23880004882812], [182.18048095703125, 296.3590393066406]]"
52,1.7350684017350684,1,found,102,285,332,1.1568851470947266,77.62670499505475,"[[126.81324768066406, 101.77810668945312], [469.6021423339844, 16.75041389465332], [528.3397827148438, 202.16720581054688], [178.04055786132812, 303.51763916015625]]"
53,1.7684351017684352,1,found,97,264,334,1.0996334552764893,73.68624200171325,"[[128.60720825195312, 109.26876068115234], [461.4366455078125, 16.353281021118164], [522.740478515625, 198.7837371826172], [183.83946228027344, 305.03179931640625]]"
54,1.8018018018018018,1,found,92,265,322,1.0920891761779785,69.04704000044148,"[[128.6933135986328, 117.92220306396484], [452.402099609375, 18.842296600341797], [517.9214477539062, 197.07986450195312], [188.0673065185547, 309.2825622558594]]"
55,1.8351685018351687,1,found,84,250,314,1.1003735065460205,70.22241699451115,"[[126.76569366455078, 126.02021789550781], [445.5876770019531, 21.95465660095215], [512.3609619140625, 195.76100158691406], [190.86483764648438, 312.864013671875]]"
56,1.8685352018685353,1,found,70,254,305,1.1846532821655273,68.36410899995826,"[[127.69181823730469, 135.4667510986328], [438.1737365722656, 26.18268585205078], [506.8670349121094, 195.7019805908203], [193.74574279785156, 317.3251647949219]]"
57,1.901901901901902,1,found,83,244,301,1.0866498947143555,72.26531000196701,"[[127.3049087524414, 142.93795776367188], [429.6678771972656, 31.023784637451172], [503.0684509277344, 195.0642852783203], [195.58441162109375, 323.4598083496094]]"
58,1.9352686019352687,1,found,76,243,297,1.162322759628296,65.46939699910581,"[[127.3012466430664, 149.36868286132812], [424.1712341308594, 33.81007385253906], [497.8661804199219, 194.38902282714844], [199.2022247314453, 324.8628234863281]]"
59,1.9686353019686353,1,found,73,238,285,1.1519696712493896,68.67029499699129,"[[124.43911743164062, 155.1643524169922], [416.36773681640625, 37.716346740722656], [493.13739013671875, 193.46829223632812], [198.85870361328125, 330.7619323730469]]"
60,2.002002002002002,1,found,83,221,278,1.2112029790878296,75.5420760033303,"[[127.45109558105469, 160.8596954345703], [411.70916748046875, 40.609344482421875], [489.7037353515625, 192.44320678710938], [199.5653076171875, 330.5765686035156]]"
61,2.0353687020353686,1,found,82,213,275,1.1048930883407593,74.06484100647504,"[[127.68433380126953, 166.6212158203125], [406.7324523925781, 42.74261474609375], [485.7959899902344, 191.51748657226562], [207.02655029296875, 331.1107177734375]]"
62,2.0687354020687354,1,found,78,210,268,1.1256511211395264,75.88912699429784,"[[132.09164428710938, 171.2838897705078], [402.6450500488281, 44.43650817871094], [484.7708435058594, 190.0258331298828], [213.6240692138672, 333.037353515625]]"
63,2.1021021021021022,1,found,72,212,265,1.2656068801879883,76.26673200138612,"[[134.4546356201172, 174.6833038330078], [402.97412109375, 46.56330871582031], [484.7499694824219, 187.87889099121094], [219.0788116455078, 331.2974548339844]]"
64,2.135468802135469,1,found,70,215,267,1.2252029180526733,75.46616999752587,"[[143.65771484375, 178.63385009765625], [402.851318359375, 48.427001953125], [487.1357421875, 188.249267578125], [224.81190490722656, 332.7177734375]]"
65,2.1688355021688355,1,found,62,219,266,1.1158995628356934,81.63567700103158,"[[148.41787719726562, 182.2764892578125], [402.00115966796875, 50.761260986328125], [488.30267333984375, 186.58551025390625], [230.7733917236328, 334.0549011230469]]"
66,2.2022022022022023,1,found,71,214,255,1.0798730850219727,82.60454799892614,"[[152.5012664794922, 183.54637145996094], [399.27545166015625, 52.90122985839844], [490.4915771484375, 185.11363220214844], [233.509765625, 335.0262145996094]]"
67,2.235568902235569,1,found,86,195,256,1.1025513410568237,84.64357499906328,"[[154.74945068359375, 186.607666015625], [397.13360595703125, 51.277313232421875], [487.3542785644531, 181.6132354736328], [239.30845642089844, 332.3222961425781]]"
68,2.2689356022689355,1,found,78,195,247,1.1810672283172607,77.28191299975151,"[[150.22604370117188, 189.4814453125], [393.6012268066406, 52.1545295715332], [482.9435729980469, 178.0740509033203], [237.7318572998047, 335.28436279296875]]"
69,2.3023023023023024,1,found,74,194,246,1.0684537887573242,78.39271199918585,"[[152.9989471435547, 191.5020751953125], [389.1495056152344, 52.17262649536133], [480.4830627441406, 175.93798828125], [241.1096649169922, 332.3162536621094]]"
70,2.335669002335669,1,found,80,187,244,1.105858325958252,74.41402800031938,"[[152.8905792236328, 194.36346435546875], [384.6225280761719, 52.49404525756836], [476.6613464355469, 174.04306030273438], [242.95704650878906, 331.99224853515625]]"
71,2.3690357023690356,1,found,71,190,238,1.1601346731185913,76.02652000059607,"[[150.4384002685547, 195.43450927734375], [379.6768798828125, 54.17567825317383], [473.5318298339844, 172.18882751464844], [242.69044494628906, 333.8412170410156]]"
72,2.4024024024024024,1,found,77,184,230,1.0270576477050781,84.54698999412358,"[[153.55606079101562, 197.68331909179688], [376.3965759277344, 53.62322998046875], [472.86468505859375, 169.1002197265625], [244.5484619140625, 331.8354187011719]]"
73,2.4357691024357693,1,found,77,174,224,1.1044151782989502,78.52211599674774,"[[154.01817321777344, 200.15948486328125], [371.2687683105469, 54.75968551635742], [469.8097839355469, 167.33645629882812], [246.58409118652344, 333.0109558105469]]"
74,2.469135802469136,1,found,65,176,216,1.0782732963562012,78.56178899965016,"[[155.018310546875, 201.701171875], [367.8302917480469, 54.34859848022461], [466.802001953125, 165.55154418945312], [245.62306213378906, 334.40460205078125]]"
75,2.5025025025025025,1,found,65,165,199,1.2334364652633667,80.61983099469217,"[[157.77703857421875, 203.36341857910156], [363.8651123046875, 54.0465202331543], [462.6394348144531, 162.5789337158203], [252.8616180419922, 326.0770568847656]]"
76,2.5358692025358693,1,found,62,150,199,1.060483455657959,79.65563399920939,"[[156.3194580078125, 205.8892822265625], [360.1842956542969, 56.043731689453125], [460.94281005859375, 160.98001098632812], [250.9273681640625, 331.5043640136719]]"
77,2.569235902569236,1,found,65,153,199,1.190743088722229,73.15436100179795,"[[154.70614624023438, 209.2327117919922], [354.29571533203125, 56.91876983642578], [455.3204040527344, 159.5729522705078], [253.15863037109375, 332.0628662109375]]"
78,2.6026026026026026,1,found,70,143,195,1.0522843599319458,74.50077000248712,"[[151.78140258789062, 211.9948272705078], [350.7381591796875, 57.808658599853516], [450.7240295410156, 157.88819885253906], [252.9193878173828, 328.2559509277344]]"
79,2.6359693026359694,1,found,68,144,196,1.1683210134506226,76.77827100269496,"[[154.02610778808594, 213.10984802246094], [346.1134338378906, 59.5411376953125], [449.54052734375, 156.6199951171875], [252.1881103515625, 330.4961853027344]]"
80,2.6693360026693362,1,found,64,151,191,1.1896206140518188,76.20795399998315,"[[149.6500244140625, 216.30296325683594], [341.60791015625, 60.19556427001953], [442.5007629394531, 154.29727172851562], [253.69190979003906, 330.1997985839844]]"
81,2.7027027027027026,1,found,58,145,185,1.249596357345581,70.07674600026803,"[[151.3961639404297, 218.57505798339844], [336.8558044433594, 61.98076248168945], [441.49261474609375, 154.2791748046875], [254.02346801757812, 333.4237976074219]]"
82,2.7360694027360695,1,found,55,143,185,1.3742119073867798,68.85784900077851,"[[152.09193420410156, 225.00526428222656], [331.8836975097656, 66.51153564453125], [436.2021179199219, 157.07484436035156], [256.1134948730469, 333.6058044433594]]"
83,2.7694361027694363,1,found,48,145,183,1.2177759408950806,66.9643660003203,"[[150.67922973632812, 230.61509704589844], [328.16168212890625, 71.7008056640625], [432.6739196777344, 158.27523803710938], [254.48281860351562, 339.7028503417969]]"
84,2.8028028028028027,1,found,59,139,161,1.289433479309082,78.76564400066854,"[[157.05325317382812, 232.7610321044922], [325.7257385253906, 74.30644226074219], [430.459228515625, 159.64646911621094], [260.18701171875, 329.3434753417969]]"
85,2.8361695028361695,1,found,60,122,142,1.2749810218811035,73.82143499853555,"[[167.86070251464844, 234.58555603027344], [324.488037109375, 77.8658447265625], [430.46954345703125, 161.62184143066406], [269.15008544921875, 322.1569519042969]]"
86,2.8695362028695364,1,found,47,111,146,1.0511611700057983,69.01367300451966,"[[160.99180603027344, 247.37925720214844], [324.6786804199219, 84.02217864990234], [429.6922302246094, 164.10015869140625], [268.83563232421875, 344.7765808105469]]"
87,2.902902902902903,1,found,43,117,137,1.1278221607208252,63.58267799805617,"[[173.04107666015625, 249.10227966308594], [327.3058776855469, 89.15093231201172], [438.54791259765625, 166.53024291992188], [271.9175109863281, 351.17169189453125]]"
88,2.9362696029362696,1,found,47,106,140,1.123407006263733,61.984391999430954,"[[174.0120391845703, 254.53439331054688], [329.7393798828125, 91.82933807373047], [435.5133361816406, 165.5919647216797], [282.73358154296875, 348.7841491699219]]"
89,2.9696363029696364,1,found,53,104,141,1.0526949167251587,60.64864299696637,"[[182.74337768554688, 254.93589782714844], [332.5591125488281, 91.814697265625], [439.66802978515625, 164.30184936523438], [290.74853515625, 345.9278869628906]]"
90,3.0030030030030033,1,found,52,106,137,1.2379932403564453,62.838111000019126,"[[191.87745666503906, 255.2301788330078], [334.5351257324219, 93.09201049804688], [444.8546447753906, 162.52499389648438], [294.74603271484375, 352.6878967285156]]"
91,3.0363697030363697,1,found,49,103,136,1.0097788572311401,65.50870000501163,"[[193.0150146484375, 257.0206604003906], [335.8577880859375, 94.16924285888672], [442.84698486328125, 162.6377410888672], [300.82452392578125, 345.2394104003906]]"
92,3.0697364030697365,1,found,49,102,140,1.0684564113616943,65.51361899619224,"[[197.85609436035156, 260.3058166503906], [335.9405517578125, 95.32588195800781], [441.66778564453125, 161.9004669189453], [308.2012939453125, 340.2829284667969]]"
93,3.1031031031031033,1,found,56,100,124,1.0752508640289307,65.32827299815835,"[[194.25241088867188, 263.3185729980469], [336.6432189941406, 98.55216217041016], [441.56353759765625, 162.53555297851562], [310.38934326171875, 343.7587585449219]]"
94,3.1364698031364697,1,found,45,91,121,0.9663501381874084,64.06258999777492,"[[201.96524047851562, 264.2563171386719], [338.0227966308594, 102.00385284423828], [442.7999572753906, 162.69326782226562], [315.0379943847656, 344.83868408203125]]"
95,3.1698365031698366,1,found,50,87,117,0.9152052402496338,62.19247999979416,"[[205.5841827392578, 269.68475341796875], [338.9270324707031, 106.44283294677734], [443.3360595703125, 165.02456665039062], [319.56097412109375, 352.9576110839844]]"
96,3.2032032032032034,1,found,46,84,119,1.0007902383804321,66.5704220009502,"[[214.49566650390625, 269.6565856933594], [340.0827941894531, 109.20416259765625], [444.9850769042969, 166.341552734375], [326.88446044921875, 343.824951171875]]"
97,3.2365699032365702,1,found,51,87,121,1.0191906690597534,66.25666099716909,"[[221.25479125976562, 271.2113952636719], [342.0376892089844, 111.90325164794922], [446.4892578125, 167.73300170898438], [331.9316101074219, 342.1549072265625]]"
98,3.2699366032699366,1,found,47,91,122,0.924415647983551,64.79358000069624,"[[224.74920654296875, 273.574462890625], [342.5117492675781, 114.66720581054688], [446.2080078125, 169.1053924560547], [335.25018310546875, 342.24945068359375]]"
99,3.3033033033033035,1,found,46,87,118,0.9385457038879395,67.26580599934096,"[[227.8605499267578, 275.0355529785156], [342.6896057128906, 117.95648193359375], [446.34942626953125, 170.3557891845703], [338.2460632324219, 343.4730529785156]]"
100,3.3366700033366703,1,found,52,82,119,0.9118677973747253,64.93704000604339,"[[229.63726806640625, 277.5779724121094], [342.3826904296875, 121.34724426269531], [445.2093811035156, 171.6852264404297], [341.1199951171875, 341.769775390625]]"
101,3.3700367033700367,1,found,48,84,109,0.9108060598373413,69.2404869987513,"[[227.57870483398438, 282.52593994140625], [342.2782287597656, 126.51165771484375], [443.6543273925781, 173.5486602783203], [341.37213134765625, 354.25872802734375]]"
102,3.4034034034034035,1,found,38,86,111,0.9637608528137207,65.95657500292873,"[[228.2195587158203, 285.38323974609375], [340.87664794921875, 130.30908203125], [441.0404052734375, 176.0935821533203], [344.0307922363281, 350.1790771484375]]"
103,3.4367701034367704,1,found,45,86,115,0.9251803755760193,66.66793899785262,"[[235.48568725585938, 285.94659423828125], [340.28411865234375, 133.88095092773438], [441.17889404296875, 178.37860107421875], [347.8586120605469, 346.8201599121094]]"
104,3.4701368034701368,1,found,40,83,113,1.0842918157577515,65.85965900012525,"[[241.1289825439453, 288.50634765625], [340.9960021972656, 139.23953247070312], [443.9772644042969, 180.75205993652344], [352.0464782714844, 350.2623596191406]]"
105,3.5035035035035036,1,found,42,83,102,1.01846444606781,65.71573799737962,"[[245.90049743652344, 288.8524169921875], [343.0654296875, 143.82301330566406], [447.0251159667969, 183.87289428710938], [352.362060546875, 358.85638427734375]]"
106,3.5368702035368704,1,found,42,77,98,0.9399100542068481,63.32148199726362,"[[245.38406372070312, 294.15234375], [344.8328857421875, 146.16732788085938], [443.6338806152344, 184.975341796875], [359.0495300292969, 358.26123046875]]"
107,3.570236903570237,1,found,41,74,96,0.9653170108795166,63.195233000442386,"[[247.18418884277344, 294.5159606933594], [346.472900390625, 147.95872497558594], [448.0118408203125, 183.38449096679688], [360.3350830078125, 375.8200988769531]]"
108,3.6036036036036037,1,found,51,67,103,0.8486223220825195,67.81327199860243,"[[254.62774658203125, 290.12689208984375], [344.767333984375, 146.93568420410156], [442.8155212402344, 183.99505615234375], [363.7431945800781, 342.79156494140625]]"
109,3.6369703036369705,1,found,50,70,102,0.9515891075134277,65.62124600168318,"[[258.1659240722656, 287.6790771484375], [344.3004455566406, 146.89573669433594], [442.6338195800781, 182.30941772460938], [365.3435974121094, 339.3459777832031]]"
110,3.6703370036703373,1,found,45,68,102,1.0298854112625122,66.04088899621274,"[[259.987548828125, 286.43060302734375], [343.8526916503906, 147.33177185058594], [440.14947509765625, 181.0395965576172], [366.9163818359375, 335.0722961425781]]"
111,3.7037037037037037,1,found,40,79,107,0.9456210732460022,66.73288799356669,"[[260.576171875, 285.37725830078125], [342.68157958984375, 146.18475341796875], [438.32183837890625, 180.0265655517578], [366.74896240234375, 330.51849365234375]]"
112,3.7370704037370706,1,found,45,74,106,0.9195090532302856,66.95498099725228,"[[262.0595703125, 284.4330749511719], [341.6907043457031, 147.04847717285156], [436.7969970703125, 179.5914764404297], [367.9883728027344, 328.559326171875]]"
113,3.7704371037704374,1,found,41,72,103,0.9920431971549988,67.65120799536817,"[[264.6455078125, 283.20404052734375], [341.9224548339844, 148.18064880371094], [436.61895751953125, 179.06349182128906], [369.2123107910156, 326.2283935546875]]"
114,3.803803803803804,1,found,44,76,105,1.0267667770385742,69.95038999593817,"[[265.6743469238281, 283.27911376953125], [341.9100341796875, 148.2184295654297], [434.8511047363281, 180.0176239013672], [368.7606201171875, 324.5279846191406]]"
115,3.8371705038371706,1,found,38,78,101,1.0135254859924316,66.6669179991004,"[[267.3524475097656, 282.0608215332031], [340.3995361328125, 151.85617065429688], [436.188232421875, 179.5572052001953], [369.86474609375, 328.7713623046875]]"
116,3.8705372038705375,1,found,44,72,101,0.9905298948287964,65.83235000289278,"[[266.5305480957031, 283.7276611328125], [338.9711608886719, 151.87261962890625], [430.5192565917969, 182.42250061035156], [369.3188171386719, 325.4111633300781]]"
117,3.903903903903904,1,found,46,72,103,0.9420150518417358,67.10722899879329,"[[266.5968933105469, 285.6065368652344], [338.7425842285156, 156.2854766845703], [428.95068359375, 184.23670959472656], [368.0999450683594, 324.970947265625]]"
118,3.9372706039372707,1,found,30,77,101,1.0277601480484009,63.92467999830842,"[[266.6391296386719, 286.8109436035156], [336.83203125, 159.15234375], [426.4969482421875, 186.50857543945312], [366.962646484375, 326.4714660644531]]"
119,3.9706373039706375,1,found,32,83,101,0.9594208002090454,59.50729599862825,"[[264.46038818359375, 289.1380920410156], [334.22998046875, 162.03981018066406], [423.2347106933594, 189.08197021484375], [364.63812255859375, 325.7027282714844]]"
120,4.004004004004004,1,found,36,76,100,0.9054975509643555,66.43344899930526,"[[262.9456787109375, 292.2535400390625], [331.2139892578125, 165.3622283935547], [419.8429870605469, 193.5714874267578], [361.84088134765625, 328.1405334472656]]"
121,4.037370704037371,1,found,35,77,99,0.9801784157752991,71.25135800015414,"[[261.96295166015625, 293.7080383300781], [329.8750305175781, 169.40069580078125], [416.7190246582031, 195.20632934570312], [359.61248779296875, 329.4278259277344]]"
122,4.070737404070737,1,found,26,80,99,0.8502053618431091,69.49867000366794,"[[261.099365234375, 293.5310363769531], [327.80853271484375, 169.64920043945312], [414.2900390625, 196.0738525390625], [358.02325439453125, 326.5672912597656]]"
123,4.104104104104104,1,found,23,80,97,0.8995518088340759,70.70563599700108,"[[260.7607727050781, 292.7839050292969], [326.94647216796875, 171.32440185546875], [412.0427551269531, 196.44601440429688], [356.5585021972656, 326.9632568359375]]"
124,4.137470804137471,1,found,34,77,95,1.0350967645645142,71.46470600127941,"[[260.0882568359375, 293.4136047363281], [325.9271240234375, 171.56222534179688], [409.02008056640625, 196.67266845703125], [353.2688293457031, 319.7212829589844]]"
125,4.170837504170838,1,found,25,77,95,0.8884020447731018,69.80435600416968,"[[259.5481872558594, 292.4609069824219], [324.3960266113281, 173.124267578125], [408.45672607421875, 198.2032012939453], [354.8573913574219, 324.0445556640625]]"
126,4.2042042042042045,1,found,28,81,97,1.0403850078582764,70.15058600518387,"[[260.6716003417969, 290.7770080566406], [324.12274169921875, 174.95651245117188], [409.21875, 198.95526123046875], [353.97430419921875, 328.4085998535156]]"
127,4.237570904237571,1,found,26,78,96,0.9595335721969604,70.81313100206899,"[[260.080078125, 291.3099670410156], [323.6442565917969, 175.9468994140625], [406.4021911621094, 199.29776000976562], [353.2103576660156, 323.9539794921875]]"
128,4.270937604270938,1,found,14,84,94,0.8811001181602478,69.93956200312823,"[[260.3788757324219, 289.17401123046875], [323.5152893066406, 175.7533416748047], [406.4171447753906, 198.3229522705078], [352.7178955078125, 322.7215881347656]]"
129,4.3043043043043046,1,found,31,78,94,0.9906018972396851,69.36818200483685,"[[260.42974853515625, 286.46630859375], [323.2136535644531, 174.4240264892578], [404.62060546875, 197.02870178222656], [352.18035888671875, 319.42620849609375]]"
130,4.337671004337671,1,found,23,83,94,0.9370251893997192,67.8420360054588,"[[260.7494201660156, 285.20379638671875], [322.7338562011719, 174.56854248046875], [403.8905334472656, 196.9087677001953], [351.9737548828125, 316.499267578125]]"
131,4.371037704371038,1,found,18,82,87,1.0298868417739868,65.23230899620103,"[[260.3143310546875, 284.61761474609375], [322.42657470703125, 173.30606079101562], [402.8167419433594, 196.9530792236328], [351.1651916503906, 309.4449462890625]]"
132,4.404404404404405,1,found,26,75,88,1.040894627571106,67.40156500018202,"[[262.3355712890625, 281.95849609375], [324.16693115234375, 172.0507049560547], [402.5187072753906, 196.28207397460938], [349.1887512207031, 308.5919494628906]]"
133,4.437771104437771,1,found,26,78,88,0.9714661240577698,62.5266470015049,"[[264.00762939453125, 278.948974609375], [324.53485107421875, 172.78199768066406], [403.2162780761719, 194.88143920898438], [352.4270324707031, 307.47369384765625]]"
134,4.471137804471138,1,found,22,75,85,1.1268701553344727,59.81890000111889,"[[266.8031311035156, 274.1075744628906], [326.207763671875, 172.25379943847656], [408.5293884277344, 192.34291076660156], [355.5568542480469, 308.7469482421875]]"
135,4.504504504504505,1,found,17,78,84,0.9649105072021484,62.261634004244115,"[[267.46136474609375, 272.5504455566406], [327.6986083984375, 168.9165496826172], [405.59881591796875, 191.47836303710938], [354.9835205078125, 298.93267822265625]]"
136,4.537871204537871,1,found,16,77,81,1.0149931907653809,66.46583300607745,"[[269.89031982421875, 269.11273193359375], [328.49139404296875, 167.1581573486328], [406.0695495605469, 189.21412658691406], [356.2992858886719, 295.6292419433594]]"
137,4.571237904571238,1,found,19,76,81,1.0695033073425293,64.26702200405998,"[[269.0780944824219, 265.8202819824219], [329.3464660644531, 166.51930236816406], [405.0482482910156, 187.50875854492188], [354.805419921875, 292.49591064453125]]"
138,4.604604604604605,1,found,23,72,81,0.9881611466407776,65.53861699649133,"[[267.7989807128906, 263.4796447753906], [327.8409729003906, 164.77133178710938], [403.4261169433594, 186.19351196289062], [353.083740234375, 289.0827941894531]]"
139,4.637971304637971,1,found,25,71,77,1.0587764978408813,65.96832800278207,"[[267.1269226074219, 261.68682861328125], [326.2665710449219, 164.27975463867188], [401.3389587402344, 185.55331420898438], [351.7895812988281, 287.1184997558594]]"
140,4.671338004671338,1,found,24,67,76,1.055565357208252,66.82554800499929,"[[266.4656066894531, 260.2500915527344], [325.0525207519531, 163.11842346191406], [399.33709716796875, 185.94876098632812], [348.8965148925781, 285.7744140625]]"
141,4.704704704704705,1,found,21,67,76,0.987583339214325,65.61300099565415,"[[266.10174560546875, 259.05206298828125], [324.2904357910156, 165.60137939453125], [398.059326171875, 184.93429565429688], [348.90899658203125, 284.1351318359375]]"
142,4.738071404738071,1,found,18,67,76,0.919853687286377,65.66100900090532,"[[264.8930969238281, 258.2619323730469], [322.8243408203125, 164.27529907226562], [396.30535888671875, 185.88307189941406], [349.43292236328125, 281.74285888671875]]"
143,4.7714381047714385,1,found,13,69,76,0.9945371747016907,64.81297600112157,"[[267.1425476074219, 256.62518310546875], [323.7838134765625, 165.57162475585938], [397.30889892578125, 184.98757934570312], [348.1111145019531, 281.906982421875]]"
144,4.804804804804805,1,found,15,72,72,1.1634817123413086,64.6940490041743,"[[271.6919860839844, 253.53860473632812], [324.06243896484375, 164.7587890625], [399.9156799316406, 184.43394470214844], [349.07720947265625, 282.5052185058594]]"
145,4.838171504838171,1,found,24,63,71,0.9818341732025146,64.03837600373663,"[[269.46966552734375, 253.992431640625], [325.1072082519531, 163.67344665527344], [397.11907958984375, 185.220703125], [350.4946594238281, 275.96160888671875]]"
146,4.8715382048715385,1,found,23,61,70,1.1146721839904785,63.541422998241615,"[[274.6501770019531, 250.51870727539062], [327.0131530761719, 164.28538513183594], [401.0193176269531, 183.32118225097656], [351.08447265625, 278.1451416015625]]"
147,4.904904904904905,1,found,19,62,65,1.0133320093154907,63.76581099902978,"[[278.81512451171875, 248.39907836914062], [325.8401184082031, 161.60931396484375], [398.7514343261719, 182.77879333496094], [354.3253173828125, 266.1148376464844]]"
148,4.938271604938272,1,found,17,59,66,1.1940760612487793,59.050149997347035,"[[278.23809814453125, 246.1183624267578], [328.9454040527344, 161.6588134765625], [399.7586975097656, 181.8560028076172], [353.1374206542969, 263.01385498046875]]"
149,4.971638304971639,1,found,23,57,64,1.119985580444336,58.41194499953417,"[[282.4876403808594, 244.29701232910156], [329.655029296875, 158.0393829345703], [398.80865478515625, 181.27540588378906], [356.7869873046875, 256.1197204589844]]"
150,5.005005005005005,1,found,21,59,65,1.2364425659179688,59.81160500232363,"[[286.2296142578125, 239.37864685058594], [333.68975830078125, 158.4237518310547], [404.4539489746094, 178.64950561523438], [356.4520568847656, 256.5229797363281]]"
151,5.038371705038372,1,found,12,61,64,1.218946933746338,59.94614899827866,"[[286.52325439453125, 238.18875122070312], [335.4501953125, 157.32080078125], [405.67047119140625, 176.96942138671875], [360.3003845214844, 257.2447509765625]]"
152,5.071738405071739,1,found,16,58,62,1.2524566650390625,59.75812700489769,"[[290.3831481933594, 233.82899475097656], [337.2372131347656, 157.11993408203125], [408.7318115234375, 174.6561737060547], [362.1685791015625, 254.8671875]]"
153,5.105105105105105,1,found,15,59,63,1.2620296478271484,60.02564400114352,"[[292.1424255371094, 231.22714233398438], [338.740478515625, 155.6852264404297], [409.76580810546875, 172.8429718017578], [363.35284423828125, 252.94602966308594]]"
154,5.138471805138472,1,found,18,61,57,1.2813732624053955,61.36878799588885,"[[300.8433532714844, 222.5261993408203], [335.941650390625, 148.52047729492188], [408.0642395019531, 172.48077392578125], [362.1139831542969, 231.3395538330078]]"
155,5.171838505171839,1,found,21,53,56,1.2963019609451294,59.3814210005803,"[[301.2250671386719, 221.3151397705078], [336.6719055175781, 147.02015686035156], [407.7210693359375, 170.79043579101562], [360.2441101074219, 229.28990173339844]]"
156,5.205205205205205,1,found,21,52,56,1.2854564189910889,61.50382399937371,"[[298.8775329589844, 221.6963348388672], [337.07568359375, 147.84912109375], [407.93218994140625, 170.4566192626953], [359.9382629394531, 233.6107635498047]]"
157,5.238571905238572,1,found,19,53,52,1.1052944660186768,61.57742800132837,"[[295.4098205566406, 222.03329467773438], [332.98870849609375, 146.32667541503906], [403.7195739746094, 171.0359649658203], [361.49554443359375, 226.09730529785156]]"
158,5.271938605271939,1,found,16,51,53,1.0549041032791138,61.04155300272396,"[[289.84332275390625, 224.49102783203125], [335.7939453125, 149.76156616210938], [403.8828125, 171.86770629882812], [361.3908996582031, 236.83901977539062]]"
159,5.305305305305305,1,found,20,49,53,1.0887906551361084,60.72008799674222,"[[286.70025634765625, 226.7850799560547], [338.3510437011719, 154.13670349121094], [405.13092041015625, 171.18992614746094], [359.6773986816406, 248.3005828857422]]"
160,5.3386720053386725,1,found,13,49,52,1.0061393976211548,59.727962005126756,"[[291.2444763183594, 225.2286376953125], [335.3766784667969, 151.89434814453125], [403.9394836425781, 171.59933471679688], [361.373291015625, 242.95718383789062]]"
161,5.372038705372039,1,found,19,49,52,1.0464057922363281,58.94593900302425,"[[290.54217529296875, 224.12832641601562], [334.6355895996094, 150.51480102539062], [401.3923645019531, 172.7197723388672], [359.7186584472656, 235.1815185546875]]"
162,5.405405405405405,1,found,20,50,51,1.0952250957489014,55.975202994886786,"[[290.9634704589844, 225.35777282714844], [334.5749816894531, 150.81631469726562], [401.1889343261719, 171.8450164794922], [360.84051513671875, 236.12875366210938]]"
163,5.4387721054387725,1,found,18,48,51,1.0446254014968872,54.02050600241637,"[[289.5200500488281, 225.4449005126953], [335.29693603515625, 150.26136779785156], [401.0064392089844, 171.84536743164062], [361.5956115722656, 235.45677185058594]]"
164,5.472138805472139,1,found,18,48,51,0.9919074177742004,53.605109998898115,"[[293.3079833984375, 223.69091796875], [336.092529296875, 150.46739196777344], [402.7143859863281, 169.91543579101562], [363.364501953125, 236.9820098876953]]"
165,5.505505505505505,1,found,13,50,51,1.1299068927764893,55.09596300544217,"[[296.3661193847656, 218.71319580078125], [335.8868713378906, 148.07615661621094], [402.8128662109375, 169.54408264160156], [363.1375427246094, 227.58169555664062]]"
166,5.538872205538873,1,found,15,49,51,1.157000184059143,54.77986200276064,"[[298.13775634765625, 216.91734313964844], [336.69219970703125, 146.85333251953125], [403.4849853515625, 168.1734161376953], [364.389404296875, 225.68490600585938]]"
167,5.572238905572239,1,found,14,49,50,1.227977991104126,52.57458100095391,"[[299.34674072265625, 214.19139099121094], [336.8112487792969, 145.1233673095703], [403.26513671875, 166.74221801757812], [364.0708312988281, 221.5830078125]]"
168,5.605605605605605,1,found,14,50,40,0.9699475765228271,55.75063200376462,"[[264.552490234375, 235.741943359375], [333.58929443359375, 143.85153198242188], [394.0685119628906, 166.12889099121094], [365.6451110839844, 217.0588836669922]]"
169,5.638972305638973,1,found,16,39,38,1.014568567276001,53.95627499819966,"[[315.7081298828125, 203.32334899902344], [323.1893615722656, 133.24172973632812], [398.36669921875, 163.0885009765625], [365.28466796875, 201.8248748779297]]"
170,5.672339005672339,1,found,19,37,36,0.8934404850006104,55.84303000068758,"[[300.7560119628906, 211.164306640625], [322.6047668457031, 130.84371948242188], [391.8158264160156, 161.54881286621094], [361.75927734375, 200.9646759033203]]"
171,5.705705705705706,1,found,16,36,35,0.9460062384605408,53.484576994378585,"[[278.8659973144531, 223.3409423828125], [325.9674377441406, 134.45370483398438], [389.2834777832031, 160.32843017578125], [360.6397705078125, 203.6121826171875]]"
172,5.739072405739073,1,found,15,35,35,0.7940585613250732,53.31121099879965,"[[303.3861999511719, 207.81712341308594], [319.05029296875, 125.87004089355469], [389.22918701171875, 157.61439514160156], [361.2699890136719, 196.28167724609375]]"
173,5.772439105772439,1,found,17,35,36,0.9840754270553589,53.46341800031951,"[[270.232421875, 224.80831909179688], [329.92822265625, 135.8045196533203], [390.4945068359375, 156.44140625], [362.5619201660156, 211.4042205810547]]"
174,5.805805805805806,1,found,14,35,36,0.8953795433044434,54.12379000335932,"[[193.31533813476562, 287.0945739746094], [329.0971374511719, 133.8236846923828], [385.1648254394531, 154.49354553222656], [363.5671691894531, 216.5994110107422]]"
175,5.839172505839173,1,found,15,35,35,0.8127310872077942,52.259076001064386,"[[300.1040954589844, 203.34597778320312], [315.6700744628906, 120.20816040039062], [385.20367431640625, 151.80068969726562], [359.7149963378906, 188.97024536132812]]"
176,5.872539205872539,1,found,16,35,35,0.7851953506469727,53.63818699697731,"[[272.6986389160156, 215.15380859375], [323.23834228515625, 128.6544189453125], [384.072021484375, 151.13320922851562], [360.6258544921875, 194.71533203125]]"
177,5.9059059059059065,0,invalid_projection,13,34,34,0.9686288833618164,50.75544900319073,
178,5.939272605939273,0,few_inliers,14,0,4,,58.481833002588246,
179,5.972639305972639,0,few_inliers,14,0,4,,55.96288699598517,
180,6.0060060060060065,0,few_inliers,14,0,5,,54.29416100378148,
181,6.039372706039373,0,few_inliers,13,0,4,,57.56984299659962,
182,6.072739406072739,0,few_inliers,19,0,5,,60.387830999388825,
183,6.106106106106107,0,few_inliers,15,0,4,,58.827936998568475,
184,6.139472806139473,0,few_inliers,18,0,5,,60.45234700286528,
185,6.172839506172839,0,few_inliers,18,0,5,,61.720015000901185,
186,6.206206206206207,0,few_inliers,19,0,4,,72.3882259990205,
187,6.239572906239573,0,few_inliers,22,0,5,,68.37018099759007,
188,6.2729396062729395,0,few_inliers,19,0,5,,60.51319799735211,
189,6.306306306306307,0,few_inliers,16,0,4,,62.5683999969624,
190,6.339673006339673,0,few_inliers,17,0,5,,58.00384000031045,
191,6.3730397063730395,0,few_inliers,13,0,4,,54.94519299827516,
192,6.406406406406407,0,few_inliers,15,0,5,,54.645486001390964,
193,6.439773106439773,0,few_inliers,12,0,4,,57.6397580007324,
194,6.4731398064731405,0,few_inliers,9,0,4,,51.41949400422163,
195,6.506506506506507,0,few_inliers,12,0,4,,56.80365500302287,
196,6.539873206539873,0,few_inliers,15,0,4,,63.924157999281306,
197,6.5732399065732405,0,few_inliers,11,0,4,,52.20527499477612,
198,6.606606606606607,0,few_inliers,19,0,4,,69.74132799950894,
199,6.639973306639973,0,few_inliers,15,0,5,,52.9784020036459,
200,6.673340006673341,0,few_inliers,10,0,4,,49.953570996876806,
201,6.706706706706707,0,few_inliers,11,0,4,,51.654648006660864,
202,6.740073406740073,0,few_inliers,15,0,4,,60.528654998051934,
203,6.773440106773441,0,few_inliers,12,0,4,,54.228685003181454,
204,6.806806806806807,0,few_inliers,15,0,4,,58.3871260023443,
205,6.8401735068401734,0,few_inliers,12,0,4,,54.29114899743581,
206,6.873540206873541,0,few_inliers,13,0,4,,56.344187003560364,
207,6.906906906906907,0,few_inliers,17,0,5,,57.89046100107953,
208,6.9402736069402735,0,few_inliers,9,0,4,,51.29121599748032,
209,6.973640306973641,0,few_inliers,12,0,4,,53.91327099641785,
210,7.007007007007007,0,few_inliers,11,0,4,,53.114005000679754,
211,7.040373707040374,0,few_inliers,15,0,4,,57.79287400218891,
212,7.073740407073741,0,few_inliers,16,0,4,,59.654863995092455,
213,7.107107107107107,0,few_inliers,11,0,4,,52.229984998120926,
214,7.140473807140474,0,few_matches,6,0,0,,47.65253100049449,
215,7.173840507173841,0,few_inliers,10,0,5,,48.842007003258914,
216,7.207207207207207,0,few_inliers,18,0,4,,70.79686100041727,
217,7.240573907240575,0,few_inliers,23,0,5,,72.13941700319992,
218,7.273940607273941,0,few_inliers,15,0,5,,54.778983001597226,
219,7.307307307307307,0,few_inliers,16,0,4,,59.44203399849357,
220,7.340674007340675,0,few_inliers,14,0,4,,56.041472002107184,
221,7.374040707374041,0,few_inliers,15,0,5,,52.703784000186715,
222,7.407407407407407,0,few_inliers,11,0,4,,51.89930900087347,
223,7.440774107440775,0,few_inliers,13,0,4,,56.11525599670131,
224,7.474140807474141,0,few_inliers,13,0,4,,56.08882900560275,
225,7.5075075075075075,0,few_inliers,11,0,4,,51.34691399871372,
226,7.540874207540875,0,few_inliers,15,0,4,,59.452613997564185,
227,7.574240907574241,0,few_inliers,9,0,4,,50.67959800362587,
228,7.607607607607608,0,few_inliers,12,0,4,,54.140749998623505,
229,7.640974307640975,0,few_inliers,9,0,4,,51.16074399848003,
230,7.674341007674341,0,few_inliers,12,0,4,,51.77928999910364,
231,7.707707707707708,0,few_inliers,14,0,4,,58.00969599658856,
232,7.741074407741075,0,few_inliers,14,0,4,,59.22575099975802,
233,7.774441107774441,0,few_inliers,13,0,0,,51.70229999930598,
234,7.807807807807808,0,few_inliers,15,0,5,,52.23741499503376,
235,7.841174507841175,0,few_inliers,15,0,4,,59.3907680013217,
236,7.874541207874541,0,few_inliers,17,0,4,,66.82517899753293,
237,7.907907907907909,0,few_inliers,11,0,4,,52.4365739984205,
238,7.941274607941275,0,few_inliers,14,0,4,,54.80701100168517,
239,7.974641307974641,0,few_inliers,11,0,4,,52.404695001314394,
240,8.008008008008009,0,few_inliers,11,0,5,,53.0272390024038,
241,8.041374708041374,0,few_inliers,17,0,5,,56.47441699693445,
242,8.074741408074741,0,few_inliers,12,0,4,,53.21857699891552,
243,8.108108108108109,0,few_inliers,10,0,4,,49.98165299912216,
244,8.141474808141474,0,few_inliers,10,0,4,,51.242617999378126,
245,8.174841508174842,0,few_inliers,14,0,4,,53.99996099731652,
246,8.208208208208209,0,few_inliers,16,0,5,,53.36547500337474,
247,8.241574908241574,0,few_inliers,12,0,4,,52.76991100254236,
248,8.274941608274942,0,few_matches,7,0,0,,48.15270099788904,
249,8.308308308308309,0,few_inliers,16,0,4,,62.83406999864383,
250,8.341675008341676,0,few_inliers,15,0,5,,54.8601670016069,
251,8.375041708375042,0,few_inliers,12,0,4,,53.433118002431,
252,8.408408408408409,0,few_inliers,19,0,5,,62.336918999790214,
253,8.441775108441776,0,few_inliers,15,0,4,,60.879678996570874,
254,8.475141808475142,0,few_inliers,15,0,5,,52.35274699953152,
255,8.508508508508509,0,few_inliers,15,0,4,,61.31837899738457,
256,8.541875208541876,0,few_inliers,15,0,4,,58.684329997049645,
257,8.575241908575242,0,few_inliers,16,0,4,,59.48178299877327,
258,8.608608608608609,0,few_inliers,12,0,4,,52.22869999852264,
259,8.641975308641976,0,few_inliers,12,0,4,,53.38763100007782,
260,8.675342008675342,0,few_inliers,14,0,5,,58.70491800305899,
261,8.70870870870871,0,few_inliers,18,0,5,,70.73511199996574,
262,8.742075408742076,0,few_inliers,10,0,4,,64.73635500151431,
263,8.775442108775442,0,few_inliers,12,0,4,,69.6339159985655,
264,8.80880880880881,0,few_inliers,19,0,5,,75.20580599521054,
265,8.842175508842177,0,few_inliers,12,0,4,,63.9979100014898,
266,8.875542208875542,0,few_matches,4,0,0,,58.768053000676446,
267,8.90890890890891,0,few_inliers,13,0,4,,63.63003000296885,
268,8.942275608942277,0,few_inliers,9,0,4,,59.84407199866837,
269,8.975642308975642,0,few_inliers,9,0,4,,57.75865100440569,
270,9.00900900900901,0,few_matches,7,0,0,,60.07042399869533,
271,9.042375709042377,0,few_inliers,15,0,4,,67.61824499699287,
272,9.075742409075742,0,few_inliers,8,0,4,,59.164241996768396,
273,9.10910910910911,0,few_inliers,14,0,4,,66.39277200156357,
274,9.142475809142477,0,few_inliers,12,0,4,,61.01917100022547,
275,9.175842509175842,0,few_matches,7,0,0,,56.59651399764698,
276,9.20920920920921,0,few_inliers,14,0,4,,66.1747740014107,
277,9.242575909242577,0,few_inliers,14,0,4,,62.94441900536185,
278,9.275942609275942,0,few_inliers,10,0,4,,55.460834002587944,
279,9.30930930930931,0,few_inliers,15,0,4,,66.328204004094,
280,9.342676009342677,0,few_inliers,16,0,4,,70.94943399715703,
281,9.376042709376042,0,few_inliers,14,0,4,,69.50397000036901,
282,9.40940940940941,0,few_inliers,12,0,4,,67.41409299866064,
283,9.442776109442777,0,few_inliers,8,0,4,,63.613762002205476,
284,9.476142809476142,0,few_inliers,10,0,4,,63.23725200491026,
285,9.50950950950951,0,few_inliers,11,0,4,,60.693827996146865,
286,9.542876209542877,0,few_inliers,14,0,4,,68.22615199780557,
287,9.576242909576242,0,few_inliers,13,0,4,,67.05030000011902,
288,9.60960960960961,0,few_inliers,12,0,4,,64.76103800378041,
289,9.642976309642977,0,few_inliers,11,0,4,,59.52380500093568,
290,9.676343009676343,0,few_inliers,14,0,4,,64.05900900426786,
291,9.70970970970971,0,few_inliers,13,0,4,,62.17493599979207,
292,9.743076409743077,0,few_inliers,13,0,4,,59.10389999917243,
293,9.776443109776443,0,few_inliers,11,0,4,,58.98837999848183,
294,9.80980980980981,0,few_inliers,10,0,4,,58.30386200250359,
295,9.843176509843177,0,few_inliers,8,0,4,,57.73448399850167,
296,9.876543209876544,0,few_inliers,10,0,4,,55.151387001387775,
297,9.90990990990991,0,few_inliers,11,0,4,,56.50738799886312,
298,9.943276609943277,0,few_inliers,11,0,4,,58.005338003567886,
299,9.976643309976645,0,few_inliers,10,0,4,,56.02988899772754,
300,10.01001001001001,0,few_inliers,10,0,4,,59.05274399992777,
301,10.043376710043377,0,few_inliers,12,0,4,,61.026129995298106,
302,10.076743410076745,0,few_inliers,14,0,4,,62.05813099950319,
303,10.11011011011011,0,few_inliers,10,0,5,,54.530953006178606,
304,10.143476810143477,0,few_inliers,13,0,4,,60.192120996362064,
305,10.176843510176845,0,few_inliers,12,0,4,,59.772817003249656,
306,10.21021021021021,0,few_inliers,18,0,5,,62.360763004107866,
307,10.243576910243577,0,few_inliers,13,0,4,,60.49599499965552,
308,10.276943610276945,0,few_inliers,11,0,4,,53.87811300170142,
309,10.31031031031031,0,few_inliers,8,0,4,,54.67236100230366,
310,10.343677010343677,0,few_inliers,17,0,5,,60.14717899961397,
311,10.377043710377045,0,few_inliers,14,0,4,,63.2023569996818,
312,10.41041041041041,0,few_inliers,14,0,4,,66.53427999845007,
313,10.443777110443778,0,few_inliers,12,0,5,,57.82239199470496,
314,10.477143810477145,0,few_inliers,11,0,4,,58.08007100131363,
315,10.51051051051051,0,few_inliers,17,0,4,,77.63694399909582,
316,10.543877210543878,0,few_inliers,14,0,5,,68.5059329989599,
317,10.577243910577245,0,few_inliers,11,0,4,,66.74778799788328,
318,10.61061061061061,0,few_inliers,11,0,4,,69.01954000204569,
319,10.643977310643978,0,few_inliers,11,0,4,,62.170343997422606,
320,10.677344010677345,0,few_inliers,8,0,4,,61.242883995873854,
321,10.71071071071071,0,few_matches,6,0,0,,59.5648549933685,
322,10.744077410744078,0,few_matches,7,0,0,,55.68639600096503,
323,10.777444110777445,0,few_inliers,14,0,5,,64.03536500147311,
324,10.81081081081081,0,few_inliers,8,0,4,,59.03429899626644,
325,10.844177510844178,0,few_matches,5,0,0,,57.52798200410325,
326,10.877544210877545,0,few_inliers,11,0,4,,60.21054200391518,
327,10.91091091091091,0,few_inliers,11,0,4,,59.15959599951748,
328,10.944277610944278,0,few_matches,7,0,0,,56.193409000115935,
329,10.977644310977645,0,few_inliers,12,0,4,,62.22793999768328,
330,11.01101101101101,0,few_inliers,10,0,4,,64.98306099820184,
331,11.044377711044378,0,few_inliers,9,0,4,,61.129792004066985,
332,11.077744411077745,0,few_inliers,13,0,5,,62.52495000080671,
333,11.11111111111111,0,few_inliers,10,0,4,,62.47239400545368,
334,11.144477811144478,0,few_inliers,14,0,4,,64.88773699675221,
335,11.177844511177845,0,few_inliers,16,0,4,,67.21648300299421,
336,11.21121121121121,0,few_inliers,16,0,5,,63.70114399760496,
337,11.244577911244578,0,few_inliers,13,0,4,,62.05352999677416,
338,11.277944611277945,0,few_inliers,14,0,4,,67.42766800016398,
339,11.311311311311313,0,few_inliers,12,0,4,,61.201666001579724,
340,11.344678011344678,0,few_inliers,9,0,4,,56.4341559947934,
341,11.378044711378045,0,few_matches,7,0,0,,52.980028005549684,
342,11.411411411411413,0,few_inliers,8,0,4,,53.47387799702119,
343,11.444778111444778,0,few_inliers,12,0,4,,56.33119699632516,
344,11.478144811478145,0,few_inliers,9,0,4,,54.50681199727114,
345,11.511511511511513,0,few_inliers,13,0,4,,57.89159199775895,
346,11.544878211544878,0,few_inliers,13,0,4,,55.29808400024194,
347,11.578244911578246,0,few_inliers,9,0,4,,50.25095299788518,
348,11.611611611611613,0,few_inliers,13,0,4,,56.95547099458054,
349,11.644978311644978,0,few_inliers,15,0,5,,55.40744999598246,
350,11.678345011678346,0,few_inliers,16,0,4,,61.32027199782897,
351,11.711711711711713,0,few_matches,7,0,0,,50.91681200428866,
352,11.745078411745078,0,few_inliers,18,0,5,,59.746822000306565,
353,11.778445111778446,0,few_inliers,18,0,5,,58.33400600386085,
354,11.811811811811813,0,few_inliers,14,0,4,,60.51527299860027,
355,11.845178511845178,0,few_inliers,13,0,5,,55.5930789996637,
356,11.878545211878546,0,few_inliers,15,0,5,,56.04072399728466,
357,11.911911911911913,0,few_inliers,14,0,5,,53.5547509934986,
358,11.945278611945279,0,few_inliers,19,0,5,,62.03561599977547,
359,11.978645311978646,0,few_inliers,20,0,5,,63.51533400447806,
360,12.012012012012013,0,few_inliers,15,0,4,,60.774025005230214,
361,12.045378712045379,0,few_inliers,14,0,4,,57.98114299977897,
362,12.078745412078746,0,few_inliers,19,0,5,,61.592887999722734,
363,12.112112112112113,0,few_inliers,12,0,4,,56.61834799684584,
364,12.145478812145479,0,few_inliers,17,0,5,,61.174178998044226,
365,12.178845512178846,0,few_inliers,18,0,6,,61.30233700241661,
366,12.212212212212213,0,few_inliers,17,0,6,,59.100942002260126,
367,12.245578912245579,0,few_inliers,24,0,9,,57.892167002137285,
368,12.278945612278946,0,few_inliers,22,0,7,,61.20027100405423,
369,12.312312312312313,0,few_inliers,21,0,8,,58.442431000003126,
370,12.345679012345679,0,few_inliers,19,0,8,,60.02689000160899,
371,12.379045712379046,0,few_inliers,22,0,9,,62.02701800066279,
372,12.412412412412413,1,found,17,0,9,0.5224587917327881,60.57452900131466,"[[291.4794921875, 271.6816101074219], [328.3932189941406, 165.0395050048828], [405.97357177734375, 179.18003845214844], [385.477294921875, 279.5909729003906]]"
373,12.445779112445779,1,found,18,4,10,0.5118175745010376,59.20806699577952,"[[288.55303955078125, 271.0402526855469], [325.0519104003906, 160.62203979492188], [404.8782043457031, 174.261474609375], [384.4631652832031, 278.7288513183594]]"
374,12.479145812479146,0,few_inliers,25,3,12,,63.316699997812975,
375,12.512512512512513,1,found,21,0,10,0.5624443292617798,61.28497500321828,"[[290.11962890625, 279.63714599609375], [324.84686279296875, 159.96827697753906], [405.76934814453125, 174.79837036132812], [383.2585754394531, 285.01214599609375]]"
376,12.545879212545879,1,found,20,5,15,0.6685817837715149,60.747515002731234,"[[292.9034423828125, 283.8834533691406], [325.7659606933594, 163.60719299316406], [410.9514465332031, 175.5318145751953], [391.2101745605469, 299.4629821777344]]"
377,12.579245912579246,1,found,29,7,19,0.7622225880622864,59.58649799867999,"[[295.1631774902344, 289.9363098144531], [327.27301025390625, 165.5592041015625], [413.9409484863281, 177.06976318359375], [395.8132629394531, 304.95477294921875]]"
378,12.612612612612613,1,found,33,9,22,0.708173394203186,62.31475299864542,"[[297.3941955566406, 296.6437072753906], [328.92987060546875, 167.81117248535156], [415.43402099609375, 178.6973114013672], [398.8400573730469, 309.5692138671875]]"
379,12.645979312645979,1,found,32,7,23,0.6638477444648743,68.85998899815604,"[[299.7824401855469, 302.62518310546875], [329.67889404296875, 168.35498046875], [417.6480407714844, 180.08602905273438], [401.749267578125, 313.71319580078125]]"
380,12.679346012679346,1,found,36,8,23,0.7988774180412292,72.8058439999586,"[[302.236572265625, 306.1499328613281], [330.8274841308594, 169.67138671875], [421.14007568359375, 180.45758056640625], [405.8128967285156, 319.9754333496094]]"
381,12.712712712712714,1,found,29,6,22,0.6294876933097839,68.03702799516032,"[[303.06884765625, 311.4519958496094], [331.6681213378906, 170.08534240722656], [422.0762634277344, 181.32479858398438], [409.0177001953125, 324.0769348144531]]"
382,12.746079412746079,1,found,25,11,22,0.6206879615783691,67.64961200678954,"[[305.6329345703125, 316.65966796875], [332.76226806640625, 170.82777404785156], [424.6608581542969, 182.1354217529297], [412.89276123046875, 327.8661804199219]]"
383,12.779446112779446,1,found,25,11,22,0.7378954887390137,66.88039800064871,"[[309.8116149902344, 317.8664855957031], [335.4524841308594, 170.82150268554688], [431.10906982421875, 181.67422485351562], [420.20635986328125, 332.83203125]]"
384,12.812812812812814,1,found,27,13,29,0.48313042521476746,71.66880200384185,"[[312.7716369628906, 319.33599853515625], [338.6912841796875, 168.40158081054688], [433.666259765625, 179.5751953125], [423.3598327636719, 331.15960693359375]]"
385,12.84617951284618,1,found,31,15,33,0.6935689449310303,66.35781499790028,"[[315.8002624511719, 315.537109375], [339.7550964355469, 164.96334838867188], [438.9452209472656, 174.25433349609375], [427.03521728515625, 332.36920166015625]]"
386,12.879546212879546,1,found,36,17,38,0.5100616216659546,60.5830229978892,"[[316.1966857910156, 316.75048828125], [339.9126281738281, 159.9300079345703], [437.5799865722656, 171.0872344970703], [426.3553161621094, 326.93939208984375]]"
387,12.912912912912914,1,found,32,19,37,0.6027780175209045,58.57553099485813,"[[317.4759826660156, 314.3183288574219], [339.9100341796875, 154.58975219726562], [439.426025390625, 165.75833129882812], [430.18707275390625, 323.5498352050781]]"
388,12.946279612946281,1,found,24,24,38,0.684709370136261,59.254920000967104,"[[320.16107177734375, 309.5115661621094], [341.69476318359375, 147.13079833984375], [443.30853271484375, 158.37060546875], [434.45989990234375, 321.5389404296875]]"
389,12.979646312979646,1,found,34,21,41,0.599322497844696,60.098608999396674,"[[321.8629455566406, 307.54827880859375], [343.58148193359375, 140.4292449951172], [446.040283203125, 151.76039123535156], [437.47857666015625, 317.5006408691406]]"
390,13.013013013013014,1,found,35,17,44,0.743506669998169,59.02791600237833,"[[321.8112487792969, 305.1647033691406], [343.73876953125, 135.4042510986328], [448.6528015136719, 144.951904296875], [442.0484313964844, 315.7607421875]]"
391,13.046379713046381,1,found,32,20,45,0.6929693222045898,63.15037600143114,"[[322.0989685058594, 301.4950256347656], [343.22430419921875, 129.7733154296875], [451.21588134765625, 137.7882843017578], [444.5852355957031, 315.82611083984375]]"
392,13.079746413079747,1,found,48,18,52,0.6735492944717407,67.44439699832583,"[[319.9564514160156, 302.300537109375], [341.0196838378906, 123.47870635986328], [450.10125732421875, 133.45884704589844], [443.2186279296875, 312.84814453125]]"
393,13.113113113113114,1,found,37,25,53,0.6033046841621399,66.40432000131113,"[[317.8859558105469, 304.39093017578125], [338.63787841796875, 119.17089080810547], [448.8492126464844, 131.92349243164062], [440.4107666015625, 313.3183288574219]]"
394,13.146479813146481,1,found,46,20,51,0.547976016998291,65.80731099529658,"[[316.1058654785156, 305.353759765625], [336.7534484863281, 117.29383087158203], [449.51470947265625, 128.0511474609375], [442.06390380859375, 316.2969970703125]]"
395,13.179846513179847,1,found,44,23,56,0.5582177639007568,73.70287199591985,"[[314.3070373535156, 309.6053161621094], [334.96844482421875, 116.2218246459961], [449.01654052734375, 126.10961151123047], [442.6728820800781, 316.32611083984375]]"
396,13.213213213213214,1,found,37,29,57,0.6641306281089783,73.79704600316472,"[[313.9904479980469, 312.7160339355469], [333.5286560058594, 116.28428649902344], [451.0534973144531, 124.83387756347656], [444.52398681640625, 324.5521545410156]]"
397,13.246579913246581,1,found,43,30,60,0.648811399936676,68.68165400373982,"[[311.8401794433594, 318.3211669921875], [332.3802795410156, 116.65470886230469], [450.87762451171875, 124.81491088867188], [445.6695861816406, 328.6196594238281]]"
398,13.279946613279947,1,found,57,21,64,0.7131895422935486,71.0553440003423,"[[313.00689697265625, 321.3160400390625], [331.91326904296875, 114.85736083984375], [452.5284729003906, 123.82794189453125], [446.9193115234375, 331.6322326660156]]"
399,13.313313313313314,1,found,45,28,62,0.9358857870101929,70.45104199642083,"[[314.4103088378906, 324.00537109375], [331.65606689453125, 113.54942321777344], [454.1239318847656, 121.36544036865234], [448.10577392578125, 335.0591125488281]]"
400,13.346680013346681,1,found,45,31,62,0.7219107151031494,69.1408320053597,"[[310.0942687988281, 331.5793151855469], [329.2147216796875, 113.7818832397461], [453.8050231933594, 122.57288360595703], [448.0208435058594, 340.75994873046875]]"
401,13.380046713380047,1,found,42,31,63,0.6179109215736389,72.59033500304213,"[[306.3118591308594, 338.2929992675781], [326.4921569824219, 114.96112060546875], [452.99322509765625, 124.035888671875], [447.2340087890625, 345.9457092285156]]"
402,13.413413413413414,1,found,48,28,62,0.6225128173828125,75.12817400129279,"[[302.3760986328125, 341.20751953125], [322.85064697265625, 114.75617980957031], [452.56829833984375, 121.93653106689453], [450.10723876953125, 353.7967224121094]]"
403,13.446780113446781,1,found,46,28,61,0.8836726546287537,75.4565330062178,"[[298.3082580566406, 344.0813293457031], [317.6270446777344, 109.24237823486328], [449.3930358886719, 118.46742248535156], [444.1172180175781, 344.82598876953125]]"
404,13.480146813480147,1,found,45,35,64,0.7813647985458374,74.12118700449355,"[[300.9740295410156, 342.7938232421875], [317.10955810546875, 105.81658935546875], [451.26324462890625, 113.74724578857422], [449.05853271484375, 349.5537109375]]"
405,13.513513513513514,1,found,53,33,68,0.7390270233154297,72.12873199750902,"[[303.34637451171875, 343.65557861328125], [318.23406982421875, 102.83137512207031], [455.1337585449219, 109.62889862060547], [455.1454162597656, 350.143798828125]]"
406,13.546880213546881,1,found,54,34,70,0.7645077705383301,72.77250700281002,"[[305.4969177246094, 342.58465576171875], [320.8420104980469, 98.48844146728516], [459.7289123535156, 104.97249603271484], [458.7807922363281, 350.0201416015625]]"
407,13.580246913580247,1,found,44,46,74,0.7499691843986511,61.72571500064805,"[[306.6653137207031, 339.7633972167969], [322.24444580078125, 92.68959045410156], [464.2663269042969, 98.60303497314453], [462.4410095214844, 349.3168640136719]]"
408,13.613613613613614,1,found,44,41,75,0.8590704798698425,63.95532299939077,"[[304.751953125, 335.02423095703125], [324.20977783203125, 85.10343170166016], [467.2456359863281, 90.20326232910156], [460.22991943359375, 344.9146728515625]]"
409,13.646980313646981,1,found,43,46,75,0.8839681148529053,57.83481700200355,"[[304.3280029296875, 331.4143981933594], [321.9866943359375, 77.02533721923828], [468.0360412597656, 82.8343734741211], [461.6489562988281, 341.05780029296875]]"
410,13.680347013680347,1,found,36,50,73,0.736920952796936,54.99745700217318,"[[301.1102294921875, 329.3968811035156], [318.7491760253906, 70.06492614746094], [466.8518371582031, 75.98027038574219], [462.9141540527344, 338.9518737792969]]"
411,13.713713713713714,1,found,36,45,70,0.8146843314170837,57.16636400029529,"[[297.89691162109375, 325.69219970703125], [314.6846923828125, 63.68510437011719], [465.25482177734375, 67.3863296508789], [461.7978820800781, 336.33026123046875]]"
412,13.747080413747081,1,found,46,36,70,0.7219276428222656,62.08833400160074,"[[294.99798583984375, 325.6268005371094], [310.8363342285156, 59.344139099121094], [462.2381286621094, 62.409324645996094], [460.8691101074219, 334.93145751953125]]"
413,13.780447113780447,1,found,50,33,67,0.5936918258666992,62.7843140027835,"[[292.7713928222656, 327.07891845703125], [307.80859375, 56.79867172241211], [460.960693359375, 59.26884078979492], [460.0533447265625, 335.7227478027344]]"
414,13.813813813813814,1,found,43,39,67,0.6723235249519348,60.755491998861544,"[[291.60382080078125, 329.9345703125], [304.1293640136719, 56.622196197509766], [458.0641784667969, 59.81230545043945], [456.12841796875, 337.1534118652344]]"
415,13.847180513847182,1,found,46,34,68,0.7914603352546692,61.11118099943269,"[[290.46771240234375, 332.6540832519531], [301.0108337402344, 60.56618881225586], [455.8248291015625, 59.93037033081055], [457.5353088378906, 341.70220947265625]]"
416,13.880547213880547,1,found,51,34,69,0.774088978767395,61.3241899991408,"[[289.13336181640625, 335.7382507324219], [296.5948486328125, 60.577293395996094], [451.26611328125, 60.84309768676758], [455.7962646484375, 341.22735595703125]]"
417,13.913913913913914,1,found,53,30,67,0.867680549621582,61.39595100103179,"[[288.882568359375, 338.1611022949219], [293.3265075683594, 63.95124816894531], [448.4161071777344, 61.51822280883789], [456.65203857421875, 342.55328369140625]]"
418,13.947280613947282,1,found,49,32,65,0.7258650064468384,61.10926799738081,"[[286.47259521484375, 342.5147399902344], [290.03094482421875, 64.99211883544922], [443.5605773925781, 63.70906066894531], [455.3504638671875, 340.9529113769531]]"
419,13.980647313980647,1,found,41,38,66,0.7063019871711731,57.75956599973142,"[[286.061767578125, 341.70977783203125], [283.8731994628906, 65.03931427001953], [438.5623779296875, 62.72296142578125], [451.4936828613281, 336.380859375]]"
420,14.014014014014014,1,found,53,37,71,0.6222675442695618,59.34277499909513,"[[285.03253173828125, 342.38470458984375], [276.7981872558594, 67.1152114868164], [430.29595947265625, 61.01322937011719], [449.2532958984375, 334.48712158203125]]"
421,14.047380714047382,1,found,51,36,73,0.7335464358329773,65.20296699454775,"[[285.6463623046875, 343.08251953125], [267.7903137207031, 69.1638412475586], [420.6249694824219, 58.78459167480469], [447.4051818847656, 330.2042541503906]]"
422,14.080747414080747,1,found,53,36,75,0.7895814180374146,65.53457199333934,"[[287.2530212402344, 346.0036315917969], [260.7989807128906, 72.97290802001953], [412.1810302734375, 58.067344665527344], [448.2135925292969, 327.4867858886719]]"
423,14.114114114114114,1,found,53,37,76,0.7843717336654663,68.00587100588018,"[[288.83880615234375, 347.097412109375], [254.9495849609375, 77.00325012207031], [404.24505615234375, 57.448856353759766], [447.8116760253906, 323.952880859375]]"
424,14.147480814147482,1,found,59,38,75,0.7452660202980042,60.72079899604432,"[[289.29168701171875, 347.66802978515625], [246.22459411621094, 77.6981201171875], [397.1241455078125, 57.19154357910156], [447.0947265625, 316.4113464355469]]"
425,14.180847514180847,1,found,58,36,78,0.869275689125061,62.219287996413186,"[[291.8540954589844, 345.7218933105469], [241.0103759765625, 79.37252807617188], [388.8794250488281, 52.42253112792969], [446.3553771972656, 312.0494384765625]]"
426,14.214214214214214,1,found,58,41,80,0.7264676094055176,64.84306900529191,"[[295.2048034667969, 346.05474853515625], [236.58436584472656, 80.98466491699219], [383.6125793457031, 50.87905502319336], [450.0587463378906, 307.59893798828125]]"
427,14.247580914247582,1,found,59,38,80,0.7224620580673218,67.00921200535959,"[[299.25897216796875, 344.60272216796875], [232.7210235595703, 81.98361206054688], [379.1887512207031, 48.604923248291016], [451.34515380859375, 302.5162048339844]]"
428,14.280947614280947,1,found,49,42,79,0.6602748036384583,66.90534199879039,"[[303.620849609375, 342.7059020996094], [229.3955078125, 82.20171356201172], [376.1440124511719, 46.08266067504883], [455.69140625, 295.4060363769531]]"
429,14.314314314314315,1,found,49,45,76,0.7815759181976318,66.05023200245341,"[[310.6905517578125, 337.35455322265625], [231.448974609375, 81.95587921142578], [375.6711120605469, 41.312992095947266], [462.4225158691406, 289.5599365234375]]"
430,14.347681014347682,1,found,44,48,77,0.8400554060935974,69.25606100412551,"[[315.0987854003906, 334.1225891113281], [230.65176391601562, 80.42042541503906], [373.3285217285156, 39.089908599853516], [463.9778137207031, 278.9244689941406]]"
431,14.38104771438105,1,found,46,42,74,0.7688406705856323,67.04330399952596,"[[317.71075439453125, 329.7801513671875], [228.5615997314453, 77.36026763916016], [369.9289245605469, 33.539119720458984], [466.2325439453125, 273.1529846191406]]"
432,14.414414414414415,1,found,46,40,75,0.895862877368927,73.89922499714885,"[[320.8114013671875, 325.5457458496094], [225.2806854248047, 75.63646697998047], [364.38714599609375, 29.11366081237793], [465.59906005859375, 264.8385925292969]]"
433,14.447781114447782,1,found,60,36,75,0.6878851056098938,76.56434800446732,"[[324.6697692871094, 322.72772216796875], [219.0686492919922, 76.43670654296875], [358.0869445800781, 27.10795021057129], [464.4873046875, 254.98764038085938]]"
434,14.48114781448115,1,found,59,31,75,0.6415743231773376,68.93496599514037,"[[328.9162902832031, 320.14691162109375], [216.43092346191406, 78.4582748413086], [352.83673095703125, 26.389846801757812], [464.3999328613281, 250.71141052246094]]"
435,14.514514514514515,1,found,56,34,79,0.6780991554260254,72.38597400282742,"[[333.9454345703125, 316.5749206542969], [217.0507354736328, 79.80997467041016], [350.6803894042969, 25.03634262084961], [468.6072082519531, 246.4792938232422]]"
436,14.547881214547882,1,found,56,42,80,0.7211049795150757,66.35660200117854,"[[340.2196960449219, 311.967041015625], [217.824462890625, 78.62211608886719], [349.38726806640625, 21.75614356994629], [473.0192565917969, 237.4340362548828]]"
437,14.58124791458125,1,found,61,42,83,0.7377687096595764,67.76970999635523,"[[347.6410217285156, 303.0893859863281], [218.93402099609375, 77.25675964355469], [348.8378601074219, 17.589780807495117], [477.005615234375, 229.0176239013672]]"
438,14.614614614614615,1,found,50,43,80,0.7699666023254395,62.299316996359266,"[[353.0417175292969, 295.7814025878906], [223.6329345703125, 74.41434478759766], [349.3946838378906, 9.740703582763672], [485.4253234863281, 223.0455780029297]]"
439,14.647981314647982,1,found,62,35,82,0.733373761177063,72.55599500058452,"[[358.321044921875, 292.74298095703125], [225.09945678710938, 71.51881408691406], [350.2493896484375, 5.728030204772949], [487.5617370605469, 215.76170349121094]]"
440,14.68134801468135,1,found,50,44,79,0.8352187275886536,68.07487700280035,"[[363.57159423828125, 292.0926513671875], [226.0703582763672, 76.316650390625], [347.2501220703125, 7.0456953048706055], [489.7375183105469, 213.04676818847656]]"
441,14.714714714714715,1,found,65,31,78,0.6860195398330688,81.89247499831254,"[[369.4581604003906, 289.8466796875], [225.34445190429688, 79.94451141357422], [345.76171875, 11.97032642364502], [489.4070129394531, 208.94459533691406]]"
442,14.748081414748082,1,found,36,53,77,0.9924293160438538,68.85476000024937,"[[367.60650634765625, 293.39007568359375], [224.1148681640625, 87.74563598632812], [340.7874450683594, 14.803592681884766], [488.2718505859375, 208.39361572265625]]"
443,14.78144811478145,1,found,35,55,76,0.8822026252746582,69.97714800672838,"[[361.34130859375, 297.24005126953125], [215.6743621826172, 96.0443344116211], [332.6469421386719, 24.289562225341797], [477.9249572753906, 214.03189086914062]]"
444,14.814814814814815,1,found,35,52,75,0.8163224458694458,68.02783999592066,"[[356.401123046875, 298.37530517578125], [208.6173858642578, 100.14641571044922], [324.4090576171875, 30.78882598876953], [470.40081787109375, 215.104248046875]]"
445,14.848181514848182,1,found,34,59,72,0.9181721806526184,68.88546599657275,"[[348.37060546875, 302.8562927246094], [199.07833862304688, 106.3296890258789], [313.96868896484375, 36.306915283203125], [459.3250732421875, 218.45623779296875]]"
446,14.88154821488155,1,found,24,62,66,0.9463058114051819,64.98569699760992,"[[337.33734130859375, 313.28955078125], [182.74620056152344, 118.00450897216797], [300.8781433105469, 48.72866439819336], [443.4579162597656, 222.16123962402344]]"
447,14.914914914914915,1,found,26,56,64,1.1287637948989868,54.514436997123994,"[[328.3255615234375, 327.6642150878906], [170.31106567382812, 133.703369140625], [286.4962158203125, 63.60588073730469], [433.88214111328125, 232.0942840576172]]"
448,14.948281614948282,1,found,28,54,57,1.058340311050415,48.79692100075772,"[[318.4368591308594, 339.28289794921875], [161.14833068847656, 151.87850952148438], [275.8884582519531, 76.527587890625], [430.4468078613281, 248.8970947265625]]"
449,14.98164831498165,1,found,32,46,61,0.8700408339500427,54.49524099822156,"[[312.9695129394531, 351.31500244140625], [152.22140502929688, 163.4559326171875], [266.4007568359375, 95.84143829345703], [412.920166015625, 258.2620849609375]]"
450,15.015015015015015,1,found,48,37,67,0.8212572932243347,69.20937700488139,"[[309.2685546875, 354.8424072265625], [148.3002471923828, 170.83799743652344], [260.4132995605469, 103.86127471923828], [408.900390625, 264.1117858886719]]"
451,15.048381715048382,1,found,38,43,67,0.8601669669151306,54.70982399856439,"[[311.58465576171875, 358.68939208984375], [147.27569580078125, 174.1585693359375], [259.54864501953125, 109.88484954833984], [405.5253601074219, 266.5671081542969]]"
452,15.08174841508175,1,found,25,53,67,0.9733673334121704,46.00954399938928,"[[316.1670837402344, 364.67926025390625], [152.18307495117188, 182.67921447753906], [261.7552490234375, 118.72349548339844], [406.6539001464844, 274.3157043457031]]"
453,15.115115115115115,1,found,28,50,63,0.9866845607757568,44.62962500110734,"[[322.5285339355469, 369.3685302734375], [160.01976013183594, 189.84559631347656], [268.4642639160156, 127.06375885009766], [414.5126037597656, 280.1378173828125]]"
454,15.148481815148482,1,found,29,49,63,0.9701266288757324,45.12716400495265,"[[330.3278503417969, 373.0952453613281], [170.65065002441406, 195.28948974609375], [276.7684326171875, 133.0124969482422], [422.9565124511719, 285.2615966796875]]"
455,15.18184851518185,1,found,36,39,64,0.9260636568069458,53.731195999716874,"[[337.4625244140625, 374.5791015625], [179.15231323242188, 197.54225158691406], [283.2171325683594, 137.2005615234375], [430.9410400390625, 287.65478515625]]"
456,15.215215215215215,1,found,34,43,65,0.9647794365882874,58.08141300076386,"[[341.67388916015625, 373.9505920410156], [185.60955810546875, 197.2941131591797], [289.21258544921875, 138.9584197998047], [435.2800598144531, 289.85552978515625]]"
457,15.248581915248582,1,found,41,41,65,0.7748552560806274,57.96121399907861,"[[344.4917907714844, 379.2077941894531], [193.51878356933594, 201.45510864257812], [293.9172058105469, 143.9510040283203], [441.045654296875, 296.8212890625]]"
458,15.28194861528195,1,found,43,40,71,0.7834043502807617,67.95990600221558,"[[346.59942626953125, 380.63311767578125], [195.39002990722656, 203.58328247070312], [298.1219177246094, 148.8846893310547], [441.1916809082031, 299.596435546875]]"
459,15.315315315315315,1,found,40,47,73,0.7662988305091858,66.91721300012432,"[[350.254638671875, 381.2495422363281], [201.40281677246094, 203.8657989501953], [302.6840515136719, 150.2007293701172], [447.6784362792969, 301.21783447265625]]"
460,15.348682015348682,1,found,29,53,72,0.780219316482544,71.37303600029554,"[[354.5658874511719, 376.89801025390625], [205.91390991210938, 201.35130310058594], [308.8443908691406, 149.71365356445312], [449.935546875, 298.5738830566406]]"
461,15.38204871538205,1,found,34,54,74,0.7600101232528687,71.49882600060664,"[[359.49530029296875, 373.5837097167969], [212.4740447998047, 198.546875], [314.4283142089844, 147.63035583496094], [457.37384033203125, 296.1702575683594]]"
462,15.415415415415415,1,found,35,51,73,0.7484390139579773,67.77992700517643,"[[364.1720275878906, 367.5], [219.02459716796875, 192.2416229248047], [320.5303649902344, 143.6761016845703], [461.9780578613281, 292.12603759765625]]"
463,15.448782115448783,1,found,32,51,74,0.6541718244552612,71.44254300510511,"[[365.46893310546875, 367.28515625], [221.68206787109375, 189.47972106933594], [323.7060546875, 142.5724334716797], [463.75372314453125, 292.7476806640625]]"
464,15.48214881548215,1,found,34,53,75,0.7784807085990906,66.14950099901762,"[[368.9473876953125, 371.55767822265625], [225.55038452148438, 193.04347229003906], [327.8343505859375, 147.65582275390625], [467.20806884765625, 297.5484619140625]]"
465,15.515515515515515,1,found,28,58,76,0.7785229682922363,61.43720899854088,"[[374.47216796875, 375.0467834472656], [234.2651824951172, 196.1343536376953], [334.8703308105469, 151.58140563964844], [474.79425048828125, 304.3770751953125]]"
466,15.548882215548883,1,found,31,59,78,0.7733259201049805,63.87060099950759,"[[379.3553466796875, 370.7769470214844], [240.85658264160156, 193.15321350097656], [343.3822937011719, 150.5918426513672], [484.23590087890625, 303.32379150390625]]"
467,15.58224891558225,1,found,30,61,84,0.9441663026809692,71.9723200018052,"[[380.436279296875, 366.1745910644531], [242.88265991210938, 185.34413146972656], [347.02130126953125, 145.41851806640625], [482.2112121582031, 296.8368835449219]]"
468,15.615615615615615,1,found,29,60,79,0.8999717831611633,90.748334005184,"[[378.0169372558594, 366.70355224609375], [244.89459228515625, 183.603271484375], [348.08221435546875, 143.26544189453125], [490.29608154296875, 301.58966064453125]]"
469,15.648982315648983,1,found,24,64,73,0.943374752998352,72.87494299816899,"[[378.5613098144531, 374.965087890625], [244.41761779785156, 187.18788146972656], [347.7974853515625, 149.83749389648438], [481.3633117675781, 301.27484130859375]]"
470,15.68234901568235,1,found,16,66,63,0.9528148174285889,56.85115399683127,"[[375.40692138671875, 383.6687316894531], [248.95242309570312, 201.51080322265625], [350.2882995605469, 158.13595581054688], [488.330322265625, 319.79913330078125]]"
471,15.715715715715715,1,found,24,52,58,0.8612219095230103,60.291485002380796,"[[378.5292663574219, 402.43585205078125], [250.2786865234375, 215.65969848632812], [353.0977783203125, 176.72547912597656], [492.2338562011719, 339.4556579589844]]"
472,15.749082415749083,1,found,31,46,59,0.8090046048164368,68.88798900035908,"[[385.35589599609375, 409.10089111328125], [255.72909545898438, 218.46463012695312], [358.9618225097656, 182.53028869628906], [502.6009216308594, 348.9211730957031]]"
473,15.78244911578245,1,found,21,49,56,0.8311899900436401,65.75916799920378,"[[394.7325744628906, 413.9685974121094], [263.3378601074219, 221.01937866210938], [366.10748291015625, 184.88595581054688], [527.1546020507812, 357.47314453125]]"
474,15.815815815815817,1,found,11,51,56,0.8195128440856934,61.929165000037756,"[[395.82177734375, 399.0439453125], [271.0149841308594, 217.356689453125], [375.3006286621094, 182.40408325195312], [516.1839599609375, 344.7176818847656]]"
475,15.849182515849183,1,found,11,52,49,1.285761833190918,52.98523599776672,"[[389.9466552734375, 369.15167236328125], [274.4029235839844, 206.67926025390625], [381.3681335449219, 164.10928344726562], [507.53802490234375, 321.9935607910156]]"
476,15.88254921588255,1,found,11,48,47,1.4275084733963013,50.839909999922384,"[[395.89471435546875, 370.3976135253906], [271.2411193847656, 191.6880645751953], [376.04742431640625, 155.9805450439453], [511.1522216796875, 302.65887451171875]]"
477,15.915915915915917,1,found,24,42,46,1.215766429901123,47.53268100466812,"[[389.1661376953125, 360.9253845214844], [267.9796447753906, 179.9918975830078], [370.4062805175781, 141.44033813476562], [519.556640625, 308.42449951171875]]"
478,15.949282615949283,1,found,16,44,46,1.0825278759002686,51.08719100098824,"[[393.3086853027344, 356.5509948730469], [267.5606384277344, 172.2872314453125], [373.0059509277344, 138.64773559570312], [514.6950073242188, 295.80572509765625]]"
479,15.98264931598265,1,found,20,40,48,1.2726314067840576,53.59549000422703,"[[394.7714538574219, 339.8516845703125], [272.27435302734375, 162.8420867919922], [379.74957275390625, 130.81468200683594], [517.4119262695312, 289.7745666503906]]"
480,16.016016016016017,1,found,20,41,47,1.064072847366333,53.672900998208206,"[[402.0274963378906, 327.8667907714844], [279.04901123046875, 152.06666564941406], [387.6475524902344, 119.96549987792969], [522.9132690429688, 276.1610107421875]]"
481,16.049382716049383,1,found,13,42,46,0.9949637651443481,47.59771899989573,"[[407.357666015625, 319.7569274902344], [286.91790771484375, 139.59495544433594], [395.5021667480469, 111.6197280883789], [522.1087036132812, 261.0005187988281]]"
482,16.08274941608275,1,found,18,43,43,1.2106130123138428,48.88007100089453,"[[413.30609130859375, 320.2574462890625], [294.8914489746094, 127.32449340820312], [399.7460021972656, 100.61627197265625], [543.0293579101562, 263.8856506347656]]"
483,16.116116116116117,1,found,20,39,43,1.165273904800415,50.74533599690767,"[[411.67669677734375, 298.4183349609375], [292.54754638671875, 115.48170471191406], [403.2497253417969, 91.49314880371094], [524.3547973632812, 239.188720703125]]"
484,16.149482816149483,1,found,30,33,43,1.0259029865264893,60.317512004985474,"[[414.8565673828125, 305.90570068359375], [297.2102355957031, 108.62605285644531], [403.35479736328125, 85.55833435058594], [546.5966796875, 248.5609130859375]]"
485,16.18284951618285,1,found,23,33,42,0.9774659872055054,60.14952500117943,"[[414.2261047363281, 310.9480285644531], [296.9897766113281, 105.6980209350586], [401.34490966796875, 81.97139739990234], [559.8043212890625, 255.5380096435547]]"
486,16.216216216216218,1,found,24,33,44,1.0929694175720215,74.90313699963735,"[[406.29229736328125, 288.3761901855469], [295.14434814453125, 100.78340911865234], [400.98834228515625, 77.52973937988281], [541.387451171875, 244.58396911621094]]"
487,16.249582916249583,1,found,20,37,44,1.0435235500335693,78.40869399660733,"[[407.4027099609375, 295.73675537109375], [294.1321105957031, 96.27657318115234], [399.5168762207031, 74.29302978515625], [543.158447265625, 241.78404235839844]]"
488,16.28294961628295,1,found,22,33,41,0.8594117760658264,74.41224699869053,"[[406.1405944824219, 291.78399658203125], [289.4119567871094, 92.36730194091797], [398.5130310058594, 72.68069458007812], [530.4989624023438, 228.97581481933594]]"
489,16.316316316316318,1,found,24,34,41,0.9100596904754639,65.2547239951673,"[[404.5042724609375, 290.3547668457031], [288.4194641113281, 90.19661712646484], [397.3724670410156, 69.9739990234375], [533.0921630859375, 227.2864227294922]]"
490,16.349683016349683,1,found,20,36,44,1.1241741180419922,63.48416200489737,"[[398.5768127441406, 269.97369384765625], [283.59783935546875, 86.84391021728516], [395.9698791503906, 66.45833587646484], [514.1981201171875, 214.17311096191406]]"
491,16.38304971638305,1,found,23,36,46,0.823722243309021,70.18557900300948,"[[395.86444091796875, 264.8611145019531], [280.3914794921875, 84.63941955566406], [394.55609130859375, 65.51233673095703], [513.2296142578125, 214.0980682373047]]"
492,16.416416416416418,1,found,24,36,49,1.1131296157836914,78.35443499789108,"[[392.099853515625, 264.80572509765625], [280.46319580078125, 85.48936462402344], [391.30908203125, 63.620304107666016], [514.3053588867188, 217.79074096679688]]"
493,16.449783116449783,1,found,25,35,46,1.1495038270950317,77.96142699953634,"[[389.3677062988281, 269.4022216796875], [280.3697814941406, 88.65323638916016], [388.3799743652344, 63.79117965698242], [518.3377685546875, 219.5320281982422]]"
494,16.48314981648315,1,found,25,37,49,0.9154324531555176,73.96190500003286,"[[386.9996032714844, 266.72186279296875], [273.8680114746094, 85.89431762695312], [386.0018310546875, 65.34574127197266], [506.3285827636719, 217.13168334960938]]"
495,16.516516516516518,1,found,21,36,48,0.9389182329177856,69.69041399861453,"[[383.4322204589844, 264.8858337402344], [273.7247314453125, 87.76882934570312], [385.80291748046875, 64.62237548828125], [505.6468505859375, 219.21994018554688]]"
496,16.549883216549883,1,found,23,39,44,1.210951805114746,67.20972399489256,"[[387.0168762207031, 275.0322570800781], [270.05645751953125, 88.67728424072266], [383.9603271484375, 68.51619720458984], [495.2301025390625, 208.46896362304688]]"
497,16.583249916583252,1,found,15,41,45,0.9856243133544922,62.27723800111562,"[[389.2737121582031, 267.07733154296875], [278.82757568359375, 91.510986328125], [389.7179870605469, 64.77084350585938], [518.0875244140625, 219.82614135742188]]"
498,16.616616616616618,1,found,21,42,49,1.1159870624542236,52.13480800011894,"[[401.8453369140625, 269.9618225097656], [289.3616638183594, 90.4714584350586], [400.38543701171875, 65.2423095703125], [525.011474609375, 218.16146850585938]]"
499,16.649983316649983,1,found,19,45,49,1.0504945516586304,48.776836003526114,"[[416.0421447753906, 273.9326171875], [302.4732360839844, 94.04277801513672], [413.7760314941406, 67.91181945800781], [539.1155395507812, 221.02439880371094]]"
500,16.683350016683352,1,found,13,44,47,0.8843079805374146,48.44021199824056,"[[430.9607238769531, 275.2377014160156], [318.2288818359375, 98.95005798339844], [429.61480712890625, 70.51654052734375], [561.7782592773438, 229.5865936279297]]"
501,16.716716716716718,1,found,15,45,48,0.974814772605896,48.21299399918644,"[[445.26702880859375, 283.7203063964844], [334.7890930175781, 106.67533111572266], [444.374267578125, 75.83663940429688], [576.5128173828125, 233.41029357910156]]"
502,16.750083416750083,1,found,19,44,45,0.9445899724960327,48.61076700035483,"[[458.5362854003906, 288.843017578125], [347.3519592285156, 112.44803619384766], [458.1539001464844, 81.6461181640625], [583.9712524414062, 235.2117462158203]]"
503,16.783450116783452,1,found,18,38,46,1.0916496515274048,51.78003400214948,"[[468.3408203125, 296.8853454589844], [357.4259033203125, 120.39997100830078], [468.4543762207031, 86.38349151611328], [600.3699951171875, 244.22592163085938]]"
504,16.816816816816818,1,found,22,41,46,1.0760462284088135,66.59961900004419,"[[474.1396789550781, 304.3063659667969], [364.0307922363281, 127.7111587524414], [475.1932067871094, 92.26335144042969], [607.5411987304688, 250.8872528076172]]"
505,16.850183516850183,1,found,27,37,53,0.9706552028656006,68.42527400294784,"[[475.38623046875, 309.3057861328125], [366.5560302734375, 131.28414916992188], [479.96673583984375, 97.44422149658203], [608.6705322265625, 260.9648132324219]]"
506,16.883550216883553,1,found,23,38,51,0.8810633420944214,75.807696004631,"[[472.0325927734375, 316.7696228027344], [363.16357421875, 139.48037719726562], [478.64923095703125, 102.88457489013672], [606.2974243164062, 263.54449462890625]]"
507,16.916916916916918,1,found,26,36,52,0.9606609344482422,68.71967099868925,"[[465.1863708496094, 324.4572448730469], [360.3366394042969, 147.3190460205078], [473.8751525878906, 107.86634826660156], [602.0559692382812, 268.7948913574219]]"
508,16.950283616950284,1,found,26,37,51,0.9429293870925903,72.02311400033068,"[[457.33917236328125, 333.709716796875], [355.2991943359375, 153.18975830078125], [466.6525573730469, 113.73078918457031], [592.2218017578125, 271.8385009765625]]"
509,16.983650316983653,1,found,28,43,50,1.1329619884490967,68.10314599715639,"[[446.6255187988281, 331.7903137207031], [350.7998046875, 158.3550567626953], [461.1316833496094, 111.04579162597656], [598.199951171875, 287.91796875]]"
510,17.017017017017018,1,found,27,40,51,1.0334843397140503,66.20000000111759,"[[435.8930969238281, 340.6090087890625], [338.9181823730469, 161.67845153808594], [450.05267333984375, 119.35575866699219], [569.5032958984375, 279.45574951171875]]"
511,17.050383717050384,1,found,26,43,43,1.0584828853607178,59.68657400080701,"[[428.3801574707031, 331.4837951660156], [325.3927917480469, 163.84165954589844], [442.8338317871094, 120.04618835449219], [548.58544921875, 266.0351867675781]]"
512,17.083750417083753,1,found,17,40,41,1.1672344207763672,54.21573299827287,"[[420.16339111328125, 336.8855895996094], [324.46319580078125, 162.72442626953125], [435.61083984375, 113.72377014160156], [573.912353515625, 284.7490539550781]]"
513,17.117117117117118,1,found,21,38,36,0.9087559580802917,52.30366100295214,"[[414.1131286621094, 356.0307312011719], [316.5301818847656, 157.81346130371094], [421.893310546875, 108.40966796875], [638.8592529296875, 329.5859680175781]]"
514,17.150483817150484,1,found,27,32,37,1.2123181819915771,53.62056600279175,"[[391.261474609375, 318.8946533203125], [297.30865478515625, 154.87802124023438], [405.98040771484375, 102.72377014160156], [512.52880859375, 257.0601806640625]]"
515,17.183850517183853,1,found,21,31,39,1.0971461534500122,62.11861599877011,"[[378.7427062988281, 312.6331481933594], [286.66943359375, 155.14976501464844], [397.6209411621094, 92.89356231689453], [511.83233642578125, 254.88307189941406]]"
516,17.217217217217218,1,found,23,29,39,1.2055432796478271,76.23168999998597,"[[369.7467346191406, 310.2957458496094], [286.3796081542969, 158.490234375], [388.21405029296875, 86.63445281982422], [508.6470642089844, 250.18865966796875]]"
517,17.250583917250584,1,found,34,27,36,0.9378688931465149,82.54840999870794,"[[367.1711730957031, 324.44781494140625], [282.5956115722656, 153.1832275390625], [385.1484375, 84.6446762084961], [572.756103515625, 295.0096435546875]]"
518,17.283950617283953,1,found,27,27,40,1.18336820602417,88.22402699297527,"[[357.1642150878906, 316.57427978515625], [270.28717041015625, 154.79379272460938], [371.85687255859375, 95.78968811035156], [471.4749755859375, 240.25537109375]]"
519,17.31731731731732,1,found,24,31,39,0.9839261174201965,79.53724000253715,"[[348.7862548828125, 314.06573486328125], [268.3707275390625, 156.4585418701172], [367.74725341796875, 93.60000610351562], [466.3445739746094, 242.95094299316406]]"
520,17.350684017350684,1,found,17,33,39,1.0740489959716797,76.24205000320217,"[[340.0077209472656, 317.98272705078125], [259.96954345703125, 158.40847778320312], [358.5283508300781, 98.12371063232422], [449.1365051269531, 241.74412536621094]]"
521,17.384050717384053,1,found,11,35,38,0.9587876200675964,75.83441599854268,"[[329.509521484375, 323.1409606933594], [253.90576171875, 164.50653076171875], [348.936279296875, 102.50022888183594], [437.9627685546875, 245.83465576171875]]"
522,17.41741741741742,1,found,18,32,37,0.8560426235198975,77.09395599522395,"[[319.6263122558594, 328.8912048339844], [246.255126953125, 171.9136199951172], [340.2111511230469, 108.61666870117188], [425.5888671875, 250.25733947753906]]"
523,17.450784117450784,1,found,17,33,40,0.9761624932289124,79.02196799841477,"[[311.1913146972656, 340.5118408203125], [242.5635223388672, 182.1417236328125], [332.0985107421875, 116.71778869628906], [426.67596435546875, 261.8459777832031]]"
524,17.484150817484153,1,found,21,33,41,0.779771625995636,75.82666099915514,"[[304.0413513183594, 344.8055419921875], [236.6734161376953, 189.203857421875], [324.7740173339844, 123.56358337402344], [411.44989013671875, 264.46722412109375]]"
525,17.51751751751752,1,found,26,37,40,0.9601528644561768,71.8984269988141,"[[292.5286865234375, 347.6578674316406], [231.84674072265625, 199.5551300048828], [318.8211975097656, 127.73565673828125], [402.5177917480469, 276.1067199707031]]"
526,17.550884217550884,1,found,23,33,39,0.9861608147621155,65.96189300034894,"[[285.3140869140625, 356.4971923828125], [225.12890625, 208.32034301757812], [309.9095764160156, 140.08145141601562], [386.9196472167969, 283.845703125]]"
527,17.584250917584253,1,found,18,34,35,0.7896193861961365,82.04229499824578,"[[281.6224060058594, 375.7882080078125], [218.41140747070312, 214.5767364501953], [301.82513427734375, 158.44842529296875], [365.2434387207031, 280.3235168457031]]"
528,17.61761761761762,1,found,23,27,34,0.8210241794586182,82.79270600178279,"[[278.13916015625, 367.6287536621094], [221.86923217773438, 219.45529174804688], [298.84796142578125, 160.26332092285156], [361.5339050292969, 294.35888671875]]"
529,17.650984317650984,1,found,20,23,35,0.8108758330345154,76.87291500042193,"[[273.7627868652344, 371.51202392578125], [217.36380004882812, 223.4873504638672], [293.0914306640625, 165.42637634277344], [358.42962646484375, 294.2341613769531]]"
530,17.684351017684353,1,found,19,27,35,0.8066339492797852,77.01109699701192,"[[267.93963623046875, 371.0387878417969], [213.84751892089844, 224.77459716796875], [288.3078308105469, 167.9245147705078], [348.328125, 295.5981140136719]]"
531,17.71771771771772,1,found,28,23,36,0.9531652927398682,75.06920900050318,"[[266.27496337890625, 369.2511291503906], [213.43235778808594, 226.5000457763672], [286.74755859375, 168.36524963378906], [348.1063232421875, 294.5597229003906]]"
532,17.751084417751084,1,found,23,26,36,0.849507212638855,74.00709999637911,"[[264.3770751953125, 368.9560241699219], [213.75161743164062, 226.51278686523438], [286.070068359375, 168.35641479492188], [349.0705871582031, 296.0040588378906]]"
533,17.784451117784453,1,found,22,29,38,0.8791472911834717,90.44457699928898,"[[265.1405029296875, 368.0578918457031], [212.81480407714844, 226.14529418945312], [284.2254333496094, 168.14413452148438], [344.8544616699219, 293.663330078125]]"
534,17.81781781781782,1,found,20,30,38,0.7912916541099548,92.1970199997304,"[[263.5582275390625, 363.6369323730469], [214.28709411621094, 225.18638610839844], [285.8851013183594, 166.4601287841797], [349.54779052734375, 294.20623779296875]]"
535,17.851184517851184,1,found,28,24,38,0.8274279832839966,91.59690299566137,"[[265.66973876953125, 360.989990234375], [216.66822814941406, 223.92222595214844], [286.35357666015625, 164.69601440429688], [348.869873046875, 291.23211669921875]]"
536,17.884551217884553,1,found,22,29,39,0.8575350642204285,87.59499200095888,"[[267.0380859375, 355.3725280761719], [219.2452850341797, 221.62644958496094], [289.14031982421875, 160.4902801513672], [351.05010986328125, 288.2868347167969]]"
537,17.91791791791792,1,found,29,31,39,0.8485901951789856,78.28934200369986,"[[268.46942138671875, 352.7316589355469], [221.15902709960938, 218.2011260986328], [290.1587219238281, 158.93035888671875], [351.1119079589844, 281.14520263671875]]"
538,17.951284617951284,1,found,23,30,40,0.7363910675048828,74.68843400420155,"[[272.28955078125, 344.16790771484375], [224.20147705078125, 212.66355895996094], [292.9046325683594, 151.57701110839844], [354.2369384765625, 277.92462158203125]]"
539,17.984651317984653,1,found,23,30,36,0.8938025236129761,84.44477699958952,"[[274.9083251953125, 350.2464294433594], [224.5030059814453, 208.3980712890625], [293.04815673828125, 151.1889190673828], [351.0240173339844, 270.39984130859375]]"
540,18.01801801801802,1,found,24,27,38,0.8911731243133545,95.23815500142518,"[[275.617431640625, 339.3167724609375], [226.78334045410156, 206.63259887695312], [294.0401916503906, 147.67337036132812], [353.2030029296875, 269.25421142578125]]"
541,18.051384718051384,1,found,16,27,38,0.8384079933166504,91.02891699876636,"[[276.55303955078125, 337.0450744628906], [229.37721252441406, 203.83126831054688], [295.1799621582031, 145.3120574951172], [354.1686706542969, 268.1801452636719]]"
542,18.084751418084753,1,found,22,29,39,0.9126928448677063,90.8173749994603,"[[278.926513671875, 331.8718566894531], [232.4709014892578, 201.2782440185547], [297.8825988769531, 139.9012451171875], [357.60809326171875, 266.4288635253906]]"
543,18.11811811811812,1,found,15,32,40,0.7751966118812561,94.09261799737578,"[[279.17279052734375, 331.5157470703125], [232.68597412109375, 200.70425415039062], [299.2237548828125, 140.1115264892578], [358.83062744140625, 267.0371398925781]]"
544,18.151484818151484,1,found,14,31,39,0.6995709538459778,90.76136200019391,"[[279.7552795410156, 332.7503356933594], [234.14649963378906, 200.5483856201172], [299.2410583496094, 141.74642944335938], [358.8996276855469, 265.9273986816406]]"
545,18.184851518184853,1,found,18,30,39,0.7300866842269897,93.64100299717393,"[[281.34674072265625, 331.51019287109375], [235.7364501953125, 199.0083465576172], [301.4479064941406, 139.94400024414062], [360.4527587890625, 265.0948791503906]]"
546,18.21821821821822,1,found,22,30,39,0.9497218132019043,81.06632799899671,"[[283.50213623046875, 330.52093505859375], [237.11892700195312, 198.2924041748047], [303.3292541503906, 138.1546173095703], [360.6751403808594, 265.2593688964844]]"
547,18.251584918251584,1,found,23,29,39,0.7306091785430908,74.68099100515246,"[[284.5636901855469, 331.62420654296875], [239.24978637695312, 197.83615112304688], [304.9331359863281, 139.8000946044922], [362.93646240234375, 265.1134033203125]]"
548,18.284951618284953,1,found,23,28,39,0.6027852892875671,91.95844899659278,"[[285.2150573730469, 331.4046325683594], [241.2304229736328, 197.74649047851562], [307.3223876953125, 140.47894287109375], [365.5577392578125, 266.6435852050781]]"
549,18.31831831831832,1,found,26,24,39,0.7043339014053345,83.13868400000501,"[[287.0276184082031, 332.65997314453125], [243.86375427246094, 198.5617218017578], [308.93505859375, 141.52935791015625], [366.3611145019531, 268.3159484863281]]"
550,18.351685018351684,1,found,29,26,39,0.8066527247428894,73.90540400228929,"[[287.8807678222656, 334.6795349121094], [245.35910034179688, 199.58084106445312], [311.13104248046875, 143.2533721923828], [368.3030090332031, 269.2248840332031]]"
551,18.385051718385053,1,found,25,27,39,0.9835956692695618,76.43785099935485,"[[288.42059326171875, 335.8896484375], [247.27464294433594, 200.53781127929688], [313.71490478515625, 144.3236846923828], [369.2868957519531, 271.4073486328125]]"
552,18.41841841841842,1,found,17,33,40,0.9573250412940979,84.65488300134894,"[[290.8464660644531, 336.68902587890625], [248.9031982421875, 202.36044311523438], [315.2827453613281, 145.5850830078125], [369.9393310546875, 273.4249267578125]]"
553,18.451785118451784,1,found,20,31,40,0.8421454429626465,79.82440100022359,"[[291.4627685546875, 339.0676574707031], [250.15643310546875, 204.44760131835938], [317.0598449707031, 147.6405487060547], [371.8200988769531, 276.27337646484375]]"
554,18.485151818485154,1,found,21,28,41,0.6662851572036743,85.8631660012179,"[[291.0871276855469, 341.23822021484375], [251.11392211914062, 206.2489013671875], [318.6796875, 149.90438842773438], [372.3172912597656, 279.34075927734375]]"
555,18.51851851851852,1,found,18,33,41,0.6926799416542053,88.58772600069642,"[[291.7823791503906, 343.674072265625], [252.21487426757812, 208.97396850585938], [319.50836181640625, 151.843505859375], [373.1188049316406, 282.37310791015625]]"
556,18.551885218551885,1,found,18,33,41,0.666906476020813,85.64722099981736,"[[291.4723205566406, 345.62139892578125], [252.43797302246094, 210.7726287841797], [319.54254150390625, 153.88133239746094], [372.73309326171875, 285.1009216308594]]"
557,18.585251918585254,1,found,21,35,43,0.6900581121444702,88.60418599942932,"[[290.8026123046875, 348.7193298339844], [251.97256469726562, 212.58544921875], [319.05804443359375, 156.9866943359375], [371.1251220703125, 287.02740478515625]]"
