frame,time_s,found,reason,matches,flow_points,inliers,median_error_px,processing_ms,corners
0,0.0,1,found,854,0,744,0.0,75.52755900542252,"[[-6.6876995071353876e-15, 6.4183142307883134e-15], [639.0, -9.855728090742664e-16], [639.0, 359.0], [3.7786859755019504e-15, 359.0]]"
1,0.033366700033366704,1,found,609,146,694,0.21222569048404694,87.78545200038934,"[[1.596193790435791, 0.07554443180561066], [638.7750854492188, 0.31278789043426514], [638.8717041015625, 358.1551818847656], [1.914389967918396, 358.212646484375]]"
2,0.06673340006673341,1,found,560,164,668,0.2974870204925537,84.68304200505372,"[[3.426676034927368, 0.38559138774871826], [638.304931640625, 0.3443715274333954], [637.9164428710938, 356.1224670410156], [4.608352184295654, 356.5487060546875]]"
3,0.1001001001001001,1,found,485,195,639,0.3480537235736847,84.98262200009776,"[[6.297772407531738, 0.710010826587677], [636.9801635742188, 0.3718969523906708], [636.984130859375, 353.2746276855469], [8.427943229675293, 353.9245300292969]]"
4,0.13346680013346682,1,found,481,183,622,0.3461300730705261,84.57154700590763,"[[9.210227966308594, 0.976220965385437], [635.45556640625, -0.034572672098875046], [635.8234252929688, 350.1780700683594], [11.212190628051758, 351.9524230957031]]"
5,0.16683350016683351,1,found,447,190,597,0.40323033928871155,85.94417900167173,"[[11.441814422607422, 0.8827186226844788], [633.4930419921875, -0.5322310924530029], [634.0278930664062, 347.2283020019531], [13.627548217773438, 349.85296630859375]]"
6,0.2002002002002002,1,found,414,208,583,0.4079616367816925,84.13682800164679,"[[11.891966819763184, 1.3252553939819336], [630.3162841796875, -0.4360584616661072], [630.9994506835938, 344.86968994140625], [14.2056303024292, 349.0854797363281]]"
7,0.2335669002335669,1,found,397,210,568,0.4507937729358673,85.49394200235838,"[[12.120329856872559, 2.284067392349243], [625.5082397460938, -0.03948524594306946], [627.3988647460938, 341.83526611328125], [14.783628463745117, 348.234130859375]]"
8,0.26693360026693363,1,found,376,212,555,0.4845658540725708,82.1139609979582,"[[13.701789855957031, 3.9856107234954834], [621.1613159179688, 0.5915841460227966], [623.8671264648438, 339.5512390136719], [17.754369735717773, 347.0429382324219]]"
9,0.3003003003003003,1,found,336,255,552,0.5486003160476685,79.59871899947757,"[[16.531211853027344, 6.227186679840088], [617.1583251953125, 1.7031848430633545], [621.3235473632812, 337.2648010253906], [22.008970260620117, 345.75201416015625]]"
10,0.33366700033366703,1,found,326,257,539,0.5872203707695007,77.60829199833097,"[[21.643587112426758, 9.352466583251953], [614.5426025390625, 3.509578227996826], [620.0364379882812, 335.25860595703125], [28.975801467895508, 343.8025817871094]]"
11,0.3670337003670337,0,few_matches,3,0,0,,65.74694300070405,
12,0.4004004004004004,0,few_matches,5,0,0,,30.00302599684801,
13,0.4337671004337671,0,few_matches,5,0,0,,30.874147996655665,
14,0.4671338004671338,0,few_matches,5,0,0,,30.480984998575877,
15,0.5005005005005005,0,few_matches,5,0,0,,29.642903995409142,
16,0.5338672005338673,0,few_matches,4,0,0,,29.861326001991984,
17,0.5672339005672339,0,few_matches,3,0,0,,29.435704003844876,
18,0.6006006006006006,0,few_matches,4,0,0,,29.858030000468716,
19,0.6339673006339673,0,few_matches,2,0,0,,30.389346000447404,
20,0.6673340006673341,0,few_matches,4,0,0,,29.880091002269182,
21,0.7007007007007007,0,few_matches,4,0,0,,29.845327000657562,
22,0.7340674007340674,0,few_matches,4,0,0,,29.49610499490518,
23,0.7674341007674341,0,few_matches,6,0,0,,30.52231000037864,
24,0.8008008008008008,0,few_matches,4,0,0,,29.62572300020838,
25,0.8341675008341676,0,few_matches,5,0,0,,30.402309996134136,
26,0.8675342008675342,0,few_matches,6,0,0,,32.538796003791504,
27,0.9009009009009009,0,few_matches,6,0,0,,36.389412998687476,
28,0.9342676009342676,0,few_matches,6,0,0,,31.80065999913495,
29,0.9676343009676344,0,few_matches,4,0,0,,30.411747997277416,
30,1.001001001001001,1,found,183,0,151,0.7154549956321716,63.97269300214248,"[[130.15806579589844, 40.57838439941406], [592.2737426757812, 10.757189750671387], [613.8556518554688, 276.390380859375], [143.30319213867188, 300.2687683105469]]"
31,1.0343677010343677,1,found,174,39,187,0.6417250633239746,73.11439299519407,"[[128.55470275878906, 43.316741943359375], [586.7207641601562, 11.35093879699707], [607.5708618164062, 271.8409729003906], [145.20338439941406, 301.4745788574219]]"
32,1.0677344010677345,1,found,165,63,208,0.6809035539627075,73.34379300300498,"[[130.04502868652344, 46.84272766113281], [582.0111083984375, 11.973538398742676], [603.0668334960938, 268.53167724609375], [148.58273315429688, 299.2411193847656]]"
33,1.1011011011011012,1,found,180,73,222,0.7305522561073303,74.27577699854737,"[[129.47222900390625, 50.316261291503906], [573.7296752929688, 13.091249465942383], [598.0027465820312, 266.3210144042969], [147.97769165039062, 301.6157531738281]]"
34,1.1344678011344678,1,found,153,101,228,0.6677404642105103,73.31524399342015,"[[128.24569702148438, 52.415653228759766], [567.2617797851562, 13.946932792663574], [592.4703369140625, 262.3324279785156], [149.35682678222656, 300.1814270019531]]"
35,1.1678345011678346,1,found,146,112,231,0.7192385196685791,72.98845799959963,"[[129.270263671875, 55.15762710571289], [561.9260864257812, 13.323568344116211], [588.7772216796875, 258.8643493652344], [150.37469482421875, 299.15631103515625]]"
36,1.2012012012012012,1,found,154,118,247,0.7786588668823242,73.03142700402532,"[[127.58924865722656, 57.65926742553711], [553.9041748046875, 13.729269981384277], [582.2960815429688, 254.8520050048828], [150.50999450683594, 299.79400634765625]]"
37,1.234567901234568,1,found,142,130,250,0.760521411895752,75.5797310048365,"[[124.8306884765625, 59.769805908203125], [545.5379638671875, 13.862689971923828], [577.0576782226562, 251.2533416748047], [149.7974090576172, 299.7681579589844]]"
38,1.2679346012679347,1,found,133,141,254,0.7682750225067139,77.74251599767013,"[[123.32950592041016, 62.86760330200195], [539.5828247070312, 13.397652626037598], [571.1196899414062, 246.338623046875], [152.0046844482422, 298.37493896484375]]"
39,1.3013013013013013,1,found,127,154,259,0.7676196098327637,79.22814600169659,"[[123.27731323242188, 66.95576477050781], [532.1052856445312, 13.817926406860352], [567.1378173828125, 243.83987426757812], [152.75755310058594, 300.1603088378906]]"
40,1.3346680013346681,1,found,139,144,258,0.7211592197418213,80.42444499733392,"[[121.0261459350586, 70.87672424316406], [524.5866088867188, 15.929778099060059], [561.9475708007812, 242.4271240234375], [152.8101348876953, 302.7449951171875]]"
41,1.3680347013680347,1,found,140,136,254,0.7721929550170898,78.07850400422467,"[[120.23475646972656, 76.06287384033203], [518.3099365234375, 18.994964599609375], [558.1239013671875, 241.42575073242188], [153.64988708496094, 305.8301696777344]]"
42,1.4014014014014013,1,found,145,138,252,0.8161380290985107,78.298888001882,"[[121.31580352783203, 80.87635803222656], [513.5261840820312, 21.244823455810547], [555.165283203125, 240.40586853027344], [157.85763549804688, 307.1170349121094]]"
43,1.4347681014347682,1,found,140,140,255,0.7782487273216248,80.82098299928475,"[[125.10198974609375, 85.80371856689453], [510.515625, 22.288700103759766], [553.0174560546875, 238.38734436035156], [162.6676788330078, 306.316650390625]]"
44,1.4681348014681348,1,found,118,158,254,0.7419452667236328,78.0950539992773,"[[126.0937271118164, 88.00568389892578], [507.4615173339844, 23.49077606201172], [550.8639526367188, 236.00852966308594], [165.2949981689453, 305.9405517578125]]"
45,1.5015015015015016,1,found,121,159,253,0.8091340661048889,79.63586600089911,"[[129.40660095214844, 91.59944915771484], [503.7126159667969, 23.902963638305664], [549.7314453125, 233.71246337890625], [168.2337646484375, 305.4433898925781]]"
46,1.5348682015348682,1,found,119,150,248,0.7421005368232727,76.88833800057182,"[[129.68882751464844, 92.74845123291016], [499.80255126953125, 23.561248779296875], [546.722412109375, 230.14892578125], [170.92535400390625, 305.12567138671875]]"
47,1.5682349015682349,1,found,112,163,251,0.79610276222229,78.86301400139928,"[[132.30484008789062, 93.58490753173828], [497.0752258300781, 22.08755874633789], [545.3915405273438, 226.38299560546875], [173.46983337402344, 302.4966125488281]]"
48,1.6016016016016017,1,found,112,156,249,0.7705100178718567,78.67733300372493,"[[133.25436401367188, 94.16166687011719], [493.5082702636719, 20.99439811706543], [542.5773315429688, 222.44410705566406], [176.263671875, 300.187744140625]]"
49,1.6349683016349683,1,found,127,144,247,0.8028000593185425,78.46175700251479,"[[134.91390991210938, 94.28255462646484], [489.8202819824219, 19.741600036621094], [540.5618896484375, 218.03981018066406], [178.3029022216797, 298.0725402832031]]"
50,1.6683350016683351,1,found,104,153,239,0.864165186882019,83.58019500155933,"[[135.39195251464844, 95.74972534179688], [484.95025634765625, 18.37798309326172], [538.11376953125, 213.452880859375], [181.1111297607422, 297.2603759765625]]"
51,1.7017017017017018,1,found,90,162,235,0.8914715647697449,76.21332300186623,"[[134.01907348632812, 98.80149841308594], [478.86376953125, 16.537853240966797], [533.9596557617188, 207.9534149169922], [182.5789337158203, 297.17987060546875]]"
52,1.7350684017350684,1,found,101,157,234,0.8988057374954224,76.76360500045121,"[[132.3369903564453, 103.43319702148438], [473.009033203125, 13.491630554199219], [528.9778442382812, 202.51004028320312], [185.0347442626953, 296.902587890625]]"
53,1.7684351017684352,1,found,92,160,232,0.9038189053535461,77.83755900163669,"[[131.14804077148438, 110.18232727050781], [463.2843933105469, 15.52075481414795], [523.7666625976562, 199.1100616455078], [186.89353942871094, 301.6927185058594]]"
54,1.8018018018018018,1,found,80,167,229,0.9807032346725464,70.43501100270078,"[[129.9831085205078, 118.37800598144531], [453.9028015136719, 18.136465072631836], [518.5062866210938, 197.36495971679688], [189.48744201660156, 307.0860900878906]]"
55,1.8351685018351687,1,found,76,168,224,0.9900417327880859,71.93537999410182,"[[130.1230010986328, 126.36795043945312], [446.0885009765625, 21.662044525146484], [513.585205078125, 196.02272033691406], [191.94027709960938, 309.8829650878906]]"
56,1.8685352018685353,1,found,77,164,207,0.9395574331283569,68.99739999789745,"[[131.4962615966797, 135.6514434814453], [437.2717590332031, 26.500978469848633], [510.4342346191406, 196.76034545898438], [193.82485961914062, 317.8468322753906]]"
57,1.901901901901902,1,found,72,154,210,0.9887992143630981,68.53757300268626,"[[131.17709350585938, 143.44956970214844], [431.1517028808594, 29.27004051208496], [506.4936828613281, 195.802734375], [198.00967407226562, 319.10064697265625]]"
58,1.9352686019352687,1,found,78,157,214,0.965491771697998,67.23941700329306,"[[131.5176239013672, 150.06809997558594], [423.7583312988281, 34.1331901550293], [500.6702880859375, 194.8162078857422], [199.73782348632812, 323.82952880859375]]"
59,1.9686353019686353,1,found,76,160,212,1.0747956037521362,68.70760600577341,"[[130.7649688720703, 155.88327026367188], [417.3509826660156, 37.2338752746582], [494.2242736816406, 193.3816375732422], [200.7144317626953, 327.025390625]]"
60,2.002002002002002,1,found,77,150,208,0.9924836158752441,77.30248400184792,"[[132.19833374023438, 161.67974853515625], [411.1671447753906, 39.33054733276367], [491.38427734375, 192.07630920410156], [204.1397705078125, 327.7524719238281]]"
61,2.0353687020353686,1,found,80,149,205,1.000577449798584,74.2876209988026,"[[133.40798950195312, 167.0433349609375], [406.70477294921875, 42.043277740478516], [489.34893798828125, 191.60292053222656], [207.34967041015625, 329.1317138671875]]"
62,2.0687354020687354,1,found,77,140,202,1.0012036561965942,80.5244759976631,"[[136.0517120361328, 171.196533203125], [403.7616271972656, 43.970680236816406], [487.09197998046875, 190.1835174560547], [212.63352966308594, 330.2649841308594]]"
63,2.1021021021021022,1,found,77,146,198,0.9909960627555847,81.00403899879893,"[[139.58505249023438, 174.96202087402344], [402.599853515625, 45.61200714111328], [487.29107666015625, 188.8220977783203], [220.1556396484375, 331.9823913574219]]"
64,2.135468802135469,1,found,79,139,188,0.8978655338287354,77.67120099742897,"[[143.97348022460938, 178.5315399169922], [402.5077209472656, 49.08003234863281], [488.717041015625, 188.33981323242188], [225.02423095703125, 332.75604248046875]]"
65,2.1688355021688355,1,found,77,137,190,0.9086273312568665,83.77942100196378,"[[146.6943359375, 181.36468505859375], [402.01190185546875, 50.90778350830078], [489.1138916015625, 187.16879272460938], [230.399658203125, 333.17291259765625]]"
66,2.2022022022022023,1,found,73,136,186,0.9211084246635437,81.77622799848905,"[[152.20864868164062, 184.85621643066406], [400.80096435546875, 52.001197814941406], [489.06243896484375, 183.9796905517578], [233.5443878173828, 331.8471374511719]]"
67,2.235568902235569,1,found,76,131,187,1.007835865020752,84.57664599700365,"[[154.7162322998047, 186.04177856445312], [397.80316162109375, 51.037750244140625], [486.4432373046875, 181.77012634277344], [239.61679077148438, 328.93572998046875]]"
68,2.2689356022689355,1,found,78,126,184,1.0267103910446167,78.13435200660024,"[[155.47140502929688, 187.83152770996094], [394.11138916015625, 51.634429931640625], [486.3141784667969, 178.95889282226562], [238.5236053466797, 330.8027648925781]]"
69,2.3023023023023024,1,found,71,131,187,0.9293872714042664,75.14537799579557,"[[154.57357788085938, 190.99935913085938], [389.456298828125, 51.872032165527344], [482.5874938964844, 176.0932159423828], [240.28448486328125, 331.7926940917969]]"
70,2.335669002335669,1,found,77,130,185,0.9963859915733337,76.34638499439461,"[[154.25692749023438, 193.98211669921875], [384.9853210449219, 51.60117721557617], [478.4399719238281, 174.16600036621094], [242.39833068847656, 330.8529052734375]]"
71,2.3690357023690356,1,found,82,127,180,1.0831276178359985,76.86885599832749,"[[154.75743103027344, 195.11843872070312], [380.0298767089844, 54.783443450927734], [475.3923034667969, 171.6958770751953], [242.4469757080078, 331.4158020019531]]"
72,2.4024024024024024,1,found,75,126,176,0.8825843334197998,88.96158199786441,"[[152.4337615966797, 197.9885711669922], [376.42138671875, 54.58619689941406], [470.9740905761719, 168.36077880859375], [244.8722686767578, 330.281982421875]]"
73,2.4357691024357693,1,found,80,117,169,0.9322770833969116,81.85894899361301,"[[153.5157470703125, 201.0678253173828], [373.6812744140625, 53.109073638916016], [466.4351501464844, 166.9100341796875], [246.6954345703125, 326.3302307128906]]"
74,2.469135802469136,1,found,75,115,170,0.8902550935745239,82.55841500067618,"[[154.03524780273438, 202.3407745361328], [368.3955383300781, 54.51276397705078], [463.4434814453125, 164.41468811035156], [247.27894592285156, 328.5914001464844]]"
75,2.5025025025025025,1,found,70,115,164,1.0626099109649658,82.6697000011336,"[[155.59815979003906, 203.8705596923828], [365.3286437988281, 54.505733489990234], [460.7041931152344, 162.52264404296875], [248.73597717285156, 327.74908447265625]]"
76,2.5358692025358693,1,found,63,117,166,0.9984461665153503,81.04369100328768,"[[155.6209716796875, 206.3717498779297], [360.17462158203125, 56.610897064208984], [459.47564697265625, 160.72032165527344], [250.77015686035156, 331.0851135253906]]"
77,2.569235902569236,1,found,66,121,170,0.9963037371635437,75.92236399796093,"[[156.40509033203125, 208.53396606445312], [356.3852844238281, 57.48313522338867], [456.06591796875, 159.46337890625], [250.37557983398438, 328.04791259765625]]"
78,2.6026026026026026,1,found,58,122,166,0.9632469415664673,74.49738399736816,"[[153.84585571289062, 211.6464080810547], [350.99859619140625, 58.928218841552734], [451.2684631347656, 157.9538116455078], [251.51589965820312, 330.356689453125]]"
79,2.6359693026359694,1,found,60,119,162,0.9937093257904053,76.15036299830535,"[[153.7855682373047, 213.25181579589844], [346.38360595703125, 59.84877014160156], [448.6484069824219, 156.44410705566406], [251.831298828125, 330.37286376953125]]"
80,2.6693360026693362,1,found,68,114,159,0.9437903165817261,77.17892500659218,"[[153.40560913085938, 215.24185180664062], [343.61785888671875, 59.93865203857422], [443.11322021484375, 154.22479248046875], [250.2732391357422, 328.2159118652344]]"
81,2.7027027027027026,1,found,55,116,155,0.9944009780883789,71.4956650044769,"[[152.87144470214844, 219.0093994140625], [339.1932373046875, 61.47526550292969], [439.70562744140625, 153.90017700195312], [251.11483764648438, 329.59002685546875]]"
82,2.7360694027360695,1,found,62,112,155,0.9701398611068726,72.66557600087253,"[[150.961669921875, 225.78823852539062], [333.4983215332031, 66.99090576171875], [435.6559753417969, 156.68478393554688], [252.19371032714844, 335.5164794921875]]"
83,2.7694361027694363,1,found,46,116,152,0.9668558835983276,68.08399200235726,"[[149.72409057617188, 231.4418487548828], [329.2027587890625, 70.21070861816406], [431.4226989746094, 158.38404846191406], [253.9413604736328, 336.4566650390625]]"
84,2.8028028028028027,1,found,55,116,150,0.9955296516418457,79.28963800077327,"[[149.87857055664062, 236.63023376464844], [326.4149475097656, 74.53987884521484], [428.4274597167969, 160.16305541992188], [256.6913757324219, 339.7216796875]]"
85,2.8361695028361695,1,found,61,106,148,0.984744668006897,76.69006299693137,"[[154.8741455078125, 241.40011596679688], [325.59814453125, 79.0385513305664], [428.8294982910156, 161.7315216064453], [261.3418884277344, 342.19903564453125]]"
86,2.8695362028695364,1,found,47,115,145,0.9100270867347717,74.03966999845579,"[[161.1368408203125, 247.3073272705078], [325.6416015625, 82.4653549194336], [429.5497741699219, 164.39967346191406], [266.9620361328125, 344.72149658203125]]"
87,2.902902902902903,1,found,52,113,147,1.0413429737091064,65.04729400330689,"[[168.7798614501953, 252.35150146484375], [327.6153869628906, 88.08712768554688], [432.1302185058594, 166.2172393798828], [274.3398132324219, 346.44122314453125]]"
88,2.9362696029362696,1,found,43,118,145,1.0800683498382568,63.26375399657991,"[[173.50958251953125, 254.11314392089844], [330.0863037109375, 91.88182067871094], [435.1107177734375, 165.8200225830078], [282.6106262207031, 346.841796875]]"
89,2.9696363029696364,1,found,53,106,141,1.0764007568359375,64.84598399401875,"[[183.06741333007812, 255.1874542236328], [332.9095153808594, 92.29803466796875], [438.38360595703125, 164.10899353027344], [290.7840881347656, 344.76177978515625]]"
90,3.0030030030030033,1,found,52,108,141,1.1704416275024414,63.688194000860676,"[[189.92172241210938, 255.78530883789062], [335.1173400878906, 92.94135284423828], [442.8128356933594, 161.8276824951172], [295.9667053222656, 343.50738525390625]]"
91,3.0363697030363697,1,found,50,105,136,1.05015230178833,66.7209509992972,"[[191.57371520996094, 257.7735595703125], [336.123779296875, 94.87956237792969], [440.612548828125, 162.3743133544922], [301.8319396972656, 342.2430419921875]]"
92,3.0697364030697365,1,found,49,100,132,1.0930430889129639,65.24112999613862,"[[198.08372497558594, 259.2962951660156], [336.0193786621094, 96.35111236572266], [442.8484802246094, 161.9203643798828], [307.2101135253906, 340.59588623046875]]"
93,3.1031031031031033,1,found,44,99,127,0.9781492352485657,66.7212619955535,"[[201.2470703125, 261.6712341308594], [337.3002014160156, 95.7930679321289], [439.728271484375, 162.4938201904297], [312.1428527832031, 334.0733947753906]]"
94,3.1364698031364697,1,found,47,95,118,0.8874180316925049,67.23461599904113,"[[203.38539123535156, 264.5794372558594], [337.6681823730469, 100.8022689819336], [440.8548583984375, 162.90069580078125], [317.1282958984375, 339.50396728515625]]"
95,3.1698365031698366,1,found,50,84,116,0.9677599668502808,64.62635999923805,"[[211.74452209472656, 266.5516357421875], [338.4933166503906, 104.52420043945312], [444.0581970214844, 164.96051025390625], [321.4395751953125, 341.92669677734375]]"
96,3.2032032032032034,1,found,50,85,112,1.0290071964263916,70.44388700160198,"[[211.2004852294922, 271.5420227050781], [339.34014892578125, 108.80986022949219], [443.29461669921875, 166.85403442382812], [329.0782775878906, 341.1728515625]]"
97,3.2365699032365702,1,found,47,80,107,0.8885157108306885,69.87871899764286,"[[216.4032440185547, 273.42034912109375], [342.85308837890625, 112.83399963378906], [444.6351318359375, 167.86741638183594], [329.99560546875, 344.9934387207031]]"
98,3.2699366032699366,1,found,50,75,107,0.8381363749504089,69.02318500215188,"[[223.84043884277344, 274.4198913574219], [342.6950988769531, 115.4157943725586], [445.0110778808594, 169.02052307128906], [334.89190673828125, 341.5315246582031]]"
99,3.3033033033033035,1,found,52,70,105,0.7762492299079895,73.90023699554149,"[[226.76455688476562, 275.86370849609375], [342.88037109375, 118.58995819091797], [444.7669982910156, 170.32772827148438], [338.4617004394531, 341.9377136230469]]"
100,3.3366700033366703,1,found,53,69,106,0.8626328110694885,68.52633699600119,"[[230.255126953125, 277.0765380859375], [342.13653564453125, 121.15525817871094], [444.8001708984375, 171.81048583984375], [342.1814270019531, 340.1335754394531]]"
101,3.3700367033700367,1,found,49,74,103,0.9259425401687622,69.48464900051476,"[[228.03414916992188, 281.7962341308594], [341.6226806640625, 127.22010040283203], [442.2913513183594, 173.86865234375], [343.63031005859375, 347.0611572265625]]"
102,3.4034034034034035,1,found,44,79,106,0.9877650141716003,67.55760600208305,"[[234.315185546875, 281.2666015625], [340.5687255859375, 130.5063934326172], [442.50372314453125, 176.2535858154297], [345.0328063964844, 347.139892578125]]"
103,3.4367701034367704,1,found,50,74,105,0.9619216918945312,72.2672169940779,"[[235.40591430664062, 286.2423400878906], [339.7034606933594, 134.54281616210938], [440.6770935058594, 178.53732299804688], [349.5221252441406, 347.35345458984375]]"
104,3.4701368034701368,1,found,41,73,105,0.9713060259819031,68.7997400018503,"[[240.81077575683594, 288.977294921875], [341.0398254394531, 138.47401428222656], [440.82366943359375, 181.820556640625], [351.71673583984375, 346.0690612792969]]"
105,3.5035035035035036,1,found,48,72,107,0.9907499551773071,71.08206800330663,"[[245.56405639648438, 291.0024108886719], [341.6388854980469, 143.26290893554688], [442.7981872558594, 184.37066650390625], [356.6838684082031, 350.05865478515625]]"
106,3.5368702035368704,1,found,48,72,104,1.0210881233215332,68.09154800430406,"[[249.33712768554688, 291.9811706542969], [343.80517578125, 144.41079711914062], [442.63873291015625, 184.9669189453125], [361.0850524902344, 345.10321044921875]]"
107,3.570236903570237,1,found,45,78,102,0.9784296751022339,68.03374100127257,"[[253.6829071044922, 290.60308837890625], [345.2138977050781, 143.8704833984375], [442.86376953125, 184.60670471191406], [361.84149169921875, 343.1129455566406]]"
108,3.6036036036036037,1,found,52,64,102,0.8480366468429565,70.0350420011091,"[[255.17970275878906, 290.0126037597656], [344.77972412109375, 147.279541015625], [442.1997375488281, 183.94703674316406], [363.9942321777344, 342.7908630371094]]"
109,3.6369703036369705,1,found,44,71,103,0.881662130355835,68.89533599314746,"[[256.5792236328125, 289.3125915527344], [343.9571228027344, 147.07106018066406], [440.4391174316406, 182.8280487060547], [367.3061828613281, 339.2405090332031]]"
110,3.6703370036703373,1,found,43,70,101,0.8934354186058044,68.6200190029922,"[[259.6794128417969, 286.6589660644531], [343.03167724609375, 146.4398193359375], [440.2523193359375, 181.27267456054688], [368.3829650878906, 335.27679443359375]]"
111,3.7037037037037037,1,found,43,73,101,0.8685871362686157,70.82756899762899,"[[260.47259521484375, 285.6012878417969], [342.2266845703125, 146.31932067871094], [437.69873046875, 180.23867797851562], [367.9047546386719, 331.3778076171875]]"
112,3.7370704037370706,1,found,45,71,101,0.9189978241920471,70.15870900067966,"[[262.2912902832031, 284.2177429199219], [341.5769348144531, 147.12034606933594], [436.78973388671875, 179.6497802734375], [368.27685546875, 330.0343933105469]]"
113,3.7704371037704374,1,found,43,74,102,0.8488487005233765,70.65796200186014,"[[264.9850769042969, 283.04876708984375], [341.3497009277344, 148.2366180419922], [436.3846740722656, 179.19253540039062], [370.6715087890625, 327.3352355957031]]"
114,3.803803803803804,1,found,39,74,103,0.8895137906074524,70.56108600227162,"[[265.478515625, 283.2652282714844], [340.88067626953125, 148.48013305664062], [435.19219970703125, 180.00196838378906], [370.159423828125, 324.9933776855469]]"
115,3.8371705038371706,1,found,46,75,102,0.9219075441360474,70.34351599577349,"[[266.3341064453125, 283.1785583496094], [339.7890319824219, 150.34542846679688], [433.06884765625, 180.96307373046875], [369.6087951660156, 324.6866760253906]]"
116,3.8705372038705375,1,found,46,73,102,0.9077109098434448,69.01788800314534,"[[266.55767822265625, 283.8626708984375], [338.93865966796875, 152.1796417236328], [430.9109191894531, 182.0000762939453], [369.28338623046875, 324.4985656738281]]"
117,3.903903903903904,1,found,43,75,100,0.9093880653381348,68.93139900057577,"[[265.55609130859375, 286.32763671875], [337.55804443359375, 155.0579833984375], [428.650146484375, 184.4321746826172], [368.7134094238281, 322.8447570800781]]"
118,3.9372706039372707,1,found,34,75,98,0.8414661884307861,67.7617969995481,"[[264.7347106933594, 287.9850769042969], [336.12042236328125, 158.89736938476562], [425.6470947265625, 186.78192138671875], [367.6617126464844, 324.39324951171875]]"
119,3.9706373039706375,1,found,29,79,98,0.9194833636283875,64.41607300075702,"[[263.8568115234375, 289.3024597167969], [333.8179626464844, 161.93800354003906], [423.02325439453125, 189.1166229248047], [365.5963439941406, 326.3409423828125]]"
120,4.004004004004004,1,found,34,75,97,0.9566799402236938,70.01465100620408,"[[262.7478942871094, 292.4884948730469], [330.7779846191406, 166.3818817138672], [419.1043701171875, 193.53765869140625], [363.2598876953125, 328.64996337890625]]"
121,4.037370704037371,1,found,36,72,94,0.8947925567626953,72.13061200309312,"[[260.74810791015625, 294.0868835449219], [329.16754150390625, 169.94017028808594], [416.1246032714844, 195.82705688476562], [361.1701965332031, 328.9848327636719]]"
122,4.070737404070737,1,found,24,77,94,0.8545068502426147,71.37657499697525,"[[260.2869567871094, 293.5201721191406], [327.1968688964844, 171.90823364257812], [414.0315856933594, 196.3269805908203], [360.26263427734375, 328.6257629394531]]"
123,4.104104104104104,1,found,29,73,94,0.9917066693305969,75.09077799477382,"[[258.50189208984375, 292.6267395019531], [326.2781677246094, 172.4623260498047], [411.23797607421875, 197.40431213378906], [359.36553955078125, 329.10986328125]]"
124,4.137470804137471,1,found,34,78,98,0.7955843210220337,71.48798100388376,"[[259.6481628417969, 292.5014343261719], [324.9803771972656, 172.38067626953125], [410.09503173828125, 197.18222045898438], [356.0309753417969, 324.79290771484375]]"
125,4.170837504170838,1,found,28,77,94,0.897596001625061,74.54520399915054,"[[258.7685852050781, 292.90460205078125], [323.45849609375, 173.6932830810547], [408.6850891113281, 198.074951171875], [356.4331359863281, 323.8668212890625]]"
126,4.2042042042042045,1,found,32,78,95,0.9206165671348572,72.75413000024855,"[[259.11187744140625, 292.4009094238281], [323.2656555175781, 175.44329833984375], [406.5711364746094, 199.2657928466797], [355.95379638671875, 323.7746276855469]]"
127,4.237570904237571,1,found,23,81,94,0.9164078235626221,75.43729300232371,"[[259.3655700683594, 291.4281005859375], [322.3851318359375, 177.07745361328125], [406.41607666015625, 199.28675842285156], [355.58648681640625, 324.270263671875]]"
128,4.270937604270938,1,found,25,82,94,0.8302873373031616,71.79001199983759,"[[259.54620361328125, 289.6149597167969], [322.75384521484375, 176.1346893310547], [405.314208984375, 198.76339721679688], [354.41259765625, 321.77008056640625]]"
129,4.3043043043043046,1,found,40,75,93,0.9115511178970337,69.98887899680994,"[[259.86041259765625, 286.74365234375], [322.27508544921875, 174.42544555664062], [404.549072265625, 197.07858276367188], [353.5096130371094, 318.5522155761719]]"
130,4.337671004337671,1,found,25,80,94,0.9145506024360657,71.96065700554755,"[[259.68072509765625, 285.563720703125], [322.3827209472656, 175.3060302734375], [403.5615539550781, 197.1167449951172], [353.73297119140625, 316.9075012207031]]"
131,4.371037704371038,1,found,23,82,92,0.8801776170730591,71.22533400251996,"[[259.8558349609375, 284.2735595703125], [322.08392333984375, 175.45469665527344], [403.3840637207031, 196.84840393066406], [353.9851989746094, 313.9554443359375]]"
132,4.404404404404405,1,found,29,78,91,0.9208717942237854,70.15968400082784,"[[261.4892578125, 281.9800720214844], [323.3149719238281, 174.93150329589844], [402.7524108886719, 196.03005981445312], [352.8656005859375, 310.83251953125]]"
133,4.437771104437771,1,found,23,81,89,1.0360034704208374,66.7842440016102,"[[261.6087341308594, 279.0635070800781], [323.7920837402344, 174.2171173095703], [402.5113525390625, 195.696533203125], [355.78167724609375, 309.9783630371094]]"
134,4.471137804471138,1,found,29,79,89,1.0219210386276245,64.73658799950499,"[[264.3352355957031, 276.2184753417969], [325.8705139160156, 172.56529235839844], [403.94061279296875, 193.3583526611328], [356.0466003417969, 304.82769775390625]]"
135,4.504504504504505,1,found,24,80,88,1.0063445568084717,64.41610799811315,"[[267.7248229980469, 272.796142578125], [327.39251708984375, 170.14491271972656], [404.95849609375, 191.27696228027344], [356.87200927734375, 300.0152587890625]]"
136,4.537871204537871,1,found,23,80,87,1.09132719039917,68.25867699808441,"[[269.2294921875, 268.69610595703125], [328.6506652832031, 169.5666961669922], [406.5201721191406, 188.75181579589844], [358.15948486328125, 297.9208984375]]"
137,4.571237904571238,1,found,20,80,85,1.1729729175567627,63.39361700520385,"[[270.99945068359375, 265.7281799316406], [328.2561950683594, 165.53981018066406], [404.8279113769531, 187.70596313476562], [356.6546325683594, 292.67138671875]]"
138,4.604604604604605,1,found,26,72,82,1.120823621749878,67.63871599832783,"[[267.7556457519531, 264.1085510253906], [327.24542236328125, 165.57046508789062], [402.4638671875, 186.04623413085938], [355.073486328125, 288.8661193847656]]"
139,4.637971304637971,1,found,24,74,83,1.0898518562316895,66.0649609999382,"[[268.57183837890625, 261.7503967285156], [325.6605529785156, 165.4640350341797], [400.8489074707031, 184.406005859375], [353.9537658691406, 288.7359313964844]]"
140,4.671338004671338,1,found,25,72,72,0.951213538646698,67.20390600094106,"[[268.5714416503906, 259.105224609375], [322.7711181640625, 162.693359375], [398.1412658691406, 185.617919921875], [351.1329345703125, 276.3124084472656]]"
141,4.704704704704705,1,found,24,59,66,1.0171608924865723,70.3190300046117,"[[269.3792419433594, 255.10494995117188], [321.3654479980469, 162.4068145751953], [397.1092529296875, 186.3400421142578], [350.61492919921875, 273.6424560546875]]"
142,4.738071404738071,1,found,25,57,64,1.03275465965271,68.42400599998655,"[[263.11810302734375, 260.5863342285156], [324.3772277832031, 166.81256103515625], [395.1736145019531, 184.98275756835938], [348.9425964355469, 284.2474060058594]]"
143,4.7714381047714385,1,found,17,59,62,0.9716196060180664,66.64470300165704,"[[274.1938781738281, 252.61770629882812], [320.7272644042969, 161.8350372314453], [395.2626037597656, 185.72662353515625], [349.56695556640625, 267.22991943359375]]"
144,4.804804804804805,1,found,12,59,62,0.9225386381149292,66.47967999742832,"[[274.0931701660156, 251.3222198486328], [321.7879638671875, 162.17575073242188], [395.4284973144531, 185.78085327148438], [350.1578674316406, 266.38897705078125]]"
145,4.838171504838171,1,found,26,54,62,1.0369906425476074,66.31021800421877,"[[274.0666809082031, 251.48316955566406], [323.9083557128906, 163.56346130371094], [396.6763000488281, 184.6183624267578], [351.3627014160156, 268.7102966308594]]"
146,4.8715382048715385,1,found,24,54,61,0.9382553696632385,63.74633100494975,"[[277.4656982421875, 248.9372100830078], [324.5166320800781, 162.3967742919922], [397.64361572265625, 183.82200622558594], [352.6973876953125, 264.5659484863281]]"
147,4.904904904904905,1,found,15,53,59,1.0591260194778442,67.58552399696782,"[[264.9643249511719, 254.93638610839844], [330.82989501953125, 165.96539306640625], [397.5422058105469, 183.26499938964844], [349.96990966796875, 287.1827697753906]]"
148,4.938271604938272,1,found,22,55,60,0.9872938394546509,61.55852500523906,"[[277.4869689941406, 247.06077575683594], [329.6759338378906, 164.43637084960938], [398.9481201171875, 181.5034942626953], [354.946044921875, 266.2366638183594]]"
149,4.971638304971639,1,found,17,55,59,1.1079295873641968,59.15324999659788,"[[286.48419189453125, 241.1525115966797], [329.4365234375, 159.30538940429688], [400.2326965332031, 180.67605590820312], [357.12237548828125, 254.4736785888672]]"
150,5.005005005005005,1,found,15,54,59,1.1346683502197266,62.94469600106822,"[[289.9282531738281, 237.9028778076172], [331.4034118652344, 157.16896057128906], [402.3591003417969, 178.92784118652344], [359.1251220703125, 249.77410888671875]]"
151,5.038371705038372,1,found,11,55,58,1.035301685333252,61.13092799932929,"[[285.42645263671875, 237.72555541992188], [334.3728942871094, 157.6599884033203], [404.4361877441406, 177.14930725097656], [360.9339904785156, 252.71737670898438]]"
152,5.071738405071739,1,found,16,55,58,0.9748004674911499,59.10509100067429,"[[292.4524230957031, 232.88827514648438], [335.4422607421875, 154.06246948242188], [406.3746643066406, 174.97720336914062], [361.8266296386719, 245.26148986816406]]"
153,5.105105105105105,1,found,19,54,58,1.0426019430160522,61.751209999783896,"[[294.83306884765625, 230.83847045898438], [336.2567443847656, 152.166748046875], [407.42987060546875, 173.0761260986328], [363.8518981933594, 243.1716766357422]]"
154,5.138471805138472,1,found,15,55,58,1.0325863361358643,61.49135200394085,"[[291.8232727050781, 232.08815002441406], [336.3343811035156, 149.77786254882812], [404.4107971191406, 173.40133666992188], [366.41302490234375, 242.75173950195312]]"
155,5.171838505171839,1,found,18,53,54,0.9756472706794739,61.21218799671624,"[[282.6875915527344, 233.93368530273438], [341.88861083984375, 155.2737579345703], [405.0741882324219, 170.99130249023438], [362.5181579589844, 254.09942626953125]]"
156,5.205205205205205,1,found,21,50,54,1.0906022787094116,63.10745399969164,"[[291.8638000488281, 228.3866424560547], [336.5558776855469, 149.5590057373047], [403.2579650878906, 171.173583984375], [364.76861572265625, 239.4581756591797]]"
157,5.238571905238572,1,found,20,48,53,0.8910018801689148,62.5174140004674,"[[292.9067077636719, 225.62493896484375], [336.28399658203125, 150.11773681640625], [404.90576171875, 170.3183135986328], [363.07904052734375, 238.03724670410156]]"
158,5.271938605271939,1,found,17,52,53,0.9699952006340027,61.75536200316856,"[[288.4074401855469, 227.1160430908203], [339.27838134765625, 154.2616424560547], [403.4742431640625, 170.66529846191406], [362.004150390625, 246.83013916015625]]"
159,5.305305305305305,1,found,21,49,54,1.0412061214447021,61.096468998584896,"[[290.49676513671875, 228.33143615722656], [334.5576171875, 151.70684814453125], [401.93829345703125, 171.2418212890625], [365.61944580078125, 241.87283325195312]]"
160,5.3386720053386725,1,found,17,51,54,0.9747931957244873,62.04037700081244,"[[292.7208557128906, 225.46389770507812], [334.4881591796875, 151.71556091308594], [402.2436218261719, 171.17599487304688], [362.2409362792969, 237.5545196533203]]"
161,5.372038705372039,1,found,16,50,53,0.9785844087600708,59.03558700083522,"[[296.31500244140625, 222.58059692382812], [333.49273681640625, 150.330810546875], [402.7859802246094, 170.8881072998047], [359.4248046875, 231.1700439453125]]"
162,5.405405405405405,1,found,12,49,51,0.8870631456375122,58.46893400303088,"[[294.1380615234375, 223.11773681640625], [334.4319763183594, 152.0112762451172], [401.8612976074219, 171.01747131347656], [361.27203369140625, 234.453369140625]]"
163,5.4387721054387725,1,found,17,48,51,0.8692008852958679,56.786408997140825,"[[289.848876953125, 225.74984741210938], [337.22845458984375, 153.6481475830078], [401.8304443359375, 170.51060485839844], [361.81781005859375, 240.60244750976562]]"
164,5.472138805472139,1,found,16,48,51,0.9945908784866333,57.76341700402554,"[[293.30499267578125, 223.30641174316406], [337.20184326171875, 152.1836395263672], [402.37969970703125, 169.32675170898438], [362.9043273925781, 237.00579833984375]]"
165,5.505505505505505,1,found,13,49,49,1.0512499809265137,57.36989199795062,"[[301.11004638671875, 216.64813232421875], [335.43121337890625, 148.61376953125], [404.0505065917969, 168.15008544921875], [363.2072448730469, 224.94400024414062]]"
166,5.538872205538873,1,found,14,49,49,0.9119101166725159,57.3547449967009,"[[292.8280944824219, 220.84957885742188], [338.1820373535156, 150.12669372558594], [402.62530517578125, 167.3016357421875], [365.1703186035156, 230.10723876953125]]"
167,5.572238905572239,1,found,14,47,48,0.8623367547988892,58.61417199776042,"[[294.4178771972656, 218.3648681640625], [341.0813293457031, 151.31283569335938], [403.574951171875, 165.28025817871094], [364.9745788574219, 233.30104064941406]]"
168,5.605605605605605,1,found,15,47,47,1.0096065998077393,58.023756006150506,"[[301.1865539550781, 213.8590087890625], [337.2402648925781, 145.72952270507812], [402.554443359375, 164.41928100585938], [365.60369873046875, 222.86929321289062]]"
169,5.638972305638973,1,found,16,45,44,0.8828905820846558,59.05635600356618,"[[288.2176818847656, 217.49842834472656], [342.19647216796875, 149.81561279296875], [400.9507751464844, 162.1779022216797], [361.3968811035156, 236.74560546875]]"
170,5.672339005672339,1,found,16,43,45,0.8931827545166016,59.48649700440001,"[[291.5971374511719, 214.84580993652344], [335.7171325683594, 142.96104431152344], [395.4541931152344, 161.9623565673828], [362.947509765625, 219.2940673828125]]"
171,5.705705705705706,1,found,16,44,45,0.8620327115058899,54.057065994129516,"[[294.501708984375, 211.157958984375], [336.63641357421875, 143.9912872314453], [398.0772399902344, 159.3337860107422], [361.83612060546875, 223.06301879882812]]"
172,5.739072405739073,1,found,19,42,45,0.9204001426696777,55.58270499750506,"[[294.41552734375, 208.6754913330078], [334.9752197265625, 140.126708984375], [395.6564025878906, 158.37657165527344], [361.76904296875, 216.8668212890625]]"
173,5.772439105772439,1,found,13,43,45,0.958228349685669,59.547263001149986,"[[293.8193054199219, 207.2320098876953], [334.6461181640625, 137.64041137695312], [394.2605285644531, 156.5426483154297], [361.2106628417969, 214.4225616455078]]"
174,5.805805805805806,1,found,17,42,41,0.9461274147033691,61.70427199685946,"[[282.15460205078125, 212.9663848876953], [339.6847839355469, 143.0832061767578], [394.577392578125, 153.04014587402344], [360.85565185546875, 239.28640747070312]]"
175,5.839172505839173,1,found,18,39,40,0.8436129093170166,53.85616899729939,"[[287.691162109375, 206.03564453125], [336.2200622558594, 138.21453857421875], [391.72674560546875, 151.92762756347656], [359.663330078125, 216.69256591796875]]"
176,5.872539205872539,1,found,17,38,37,0.9443119168281555,54.21344700152986,"[[262.3728332519531, 216.21473693847656], [335.4200134277344, 137.76177978515625], [389.8939514160156, 150.3830108642578], [358.5386047363281, 223.41856384277344]]"
177,5.9059059059059065,1,found,11,36,37,0.9501793384552002,53.363743994850665,"[[287.62640380859375, 202.55892944335938], [335.7740783691406, 137.60194396972656], [390.8236083984375, 148.07955932617188], [359.77880859375, 217.0228271484375]]"
178,5.939272605939273,1,found,18,36,36,0.9264296293258667,54.369944002246484,"[[289.88446044921875, 199.74124145507812], [336.7716064453125, 137.01068115234375], [390.9508972167969, 147.25465393066406], [358.54864501953125, 215.73043823242188]]"
179,5.972639305972639,1,found,17,35,35,0.910427451133728,53.3468619978521,"[[291.07489013671875, 198.48565673828125], [337.1326599121094, 137.04824829101562], [390.94970703125, 146.9540252685547], [359.7026672363281, 216.018798828125]]"
180,6.0060060060060065,1,found,15,35,35,0.891817569732666,55.71769500238588,"[[288.1550598144531, 199.33721923828125], [336.44940185546875, 136.86798095703125], [390.28082275390625, 146.84803771972656], [359.6888122558594, 214.8026123046875]]"
181,6.039372706039373,1,found,14,35,35,0.8119624853134155,53.3125790025224,"[[279.2059326171875, 205.0545654296875], [334.693359375, 134.68060302734375], [386.3945617675781, 147.51966857910156], [359.310546875, 212.00889587402344]]"
182,6.072739406072739,1,found,12,35,35,0.7890876531600952,53.640552003344055,"[[275.3494567871094, 205.7391357421875], [334.3804016113281, 135.01768493652344], [385.11138916015625, 146.8504180908203], [357.5766906738281, 212.3910369873047]]"
183,6.106106106106107,1,found,15,35,35,0.8319404721260071,57.50186799559742,"[[276.1556091308594, 202.65081787109375], [334.0482482910156, 137.23294067382812], [385.66943359375, 145.56324768066406], [355.7939758300781, 218.59075927734375]]"
184,6.139472806139473,1,found,16,35,35,0.8276727199554443,54.468556001666,"[[275.03192138671875, 201.76629638671875], [332.3825378417969, 136.3069610595703], [383.63348388671875, 144.87429809570312], [354.8775329589844, 216.5438995361328]]"
185,6.172839506172839,1,found,18,35,35,0.8773219585418701,53.44841799524147,"[[278.6087646484375, 198.12265014648438], [330.61834716796875, 135.27342224121094], [382.35174560546875, 144.64266967773438], [353.5768127441406, 211.6825408935547]]"
186,6.206206206206207,1,found,20,35,35,0.7992398738861084,53.577435995975975,"[[273.42034912109375, 200.13612365722656], [330.4803466796875, 136.5570526123047], [380.98321533203125, 143.9954376220703], [352.07763671875, 217.30361938476562]]"
187,6.239572906239573,1,found,18,34,35,0.8212149143218994,53.4621539991349,"[[277.0128173828125, 197.0263671875], [327.8123779296875, 134.66404724121094], [379.5996398925781, 144.07154846191406], [351.4831848144531, 208.1070098876953]]"
188,6.2729396062729395,1,found,19,34,35,0.8635632395744324,51.7078560005757,"[[272.2974853515625, 197.3095245361328], [326.507568359375, 135.00852966308594], [378.2123107910156, 144.77699279785156], [350.19525146484375, 207.86724853515625]]"
189,6.306306306306307,1,found,14,35,35,0.8858450651168823,53.15079100546427,"[[271.6665344238281, 197.77793884277344], [326.1790771484375, 135.46702575683594], [377.2134704589844, 145.0814666748047], [350.0114440917969, 209.14134216308594]]"
190,6.339673006339673,1,found,13,33,34,0.8782870769500732,54.04309699952137,"[[279.2357177734375, 196.8621063232422], [325.1389465332031, 134.84747314453125], [376.2469787597656, 145.99160766601562], [351.2675476074219, 203.05213928222656]]"
191,6.3730397063730395,1,found,15,33,34,0.8992317914962769,52.77120500250021,"[[278.80548095703125, 198.10348510742188], [327.8497009277344, 137.4076385498047], [378.50506591796875, 146.3763427734375], [352.0036315917969, 207.87660217285156]]"
192,6.406406406406407,1,found,18,33,34,0.8571848273277283,53.41611200128682,"[[282.24774169921875, 198.22181701660156], [328.1537170410156, 136.44635009765625], [378.86358642578125, 147.74888610839844], [353.4854431152344, 203.4747772216797]]"
193,6.439773106439773,1,found,16,33,34,0.9506522417068481,55.710854998324066,"[[280.53271484375, 197.593994140625], [331.6553649902344, 139.2616424560547], [381.54443359375, 148.3961639404297], [354.7195129394531, 210.37136840820312]]"
194,6.4731398064731405,1,found,13,33,34,0.9113455414772034,58.91011399944546,"[[284.84716796875, 196.38323974609375], [333.6804504394531, 139.92198181152344], [383.16937255859375, 148.863037109375], [356.1391296386719, 210.57717895507812]]"
195,6.506506506506507,1,found,13,33,34,0.8540962934494019,55.8917179951095,"[[287.60687255859375, 196.83609008789062], [334.482666015625, 140.5323944091797], [384.5516662597656, 148.77256774902344], [357.4471740722656, 209.45689392089844]]"
196,6.539873206539873,1,found,11,33,34,0.9848991632461548,55.63511499349261,"[[292.6922302246094, 192.0882110595703], [337.19122314453125, 140.71913146972656], [386.9706726074219, 149.85269165039062], [360.26739501953125, 218.63912963867188]]"
197,6.5732399065732405,1,found,10,33,34,0.8364796042442322,55.13539600360673,"[[287.5359802246094, 198.84530639648438], [335.38922119140625, 137.9850311279297], [383.2466125488281, 149.19320678710938], [359.30596923828125, 202.9751434326172]]"
198,6.606606606606607,1,found,16,34,34,0.9375313520431519,52.934405000996776,"[[277.605224609375, 198.7227325439453], [336.90447998046875, 138.9982147216797], [384.8983459472656, 148.57711791992188], [359.06170654296875, 210.38731384277344]]"
199,6.639973306639973,1,found,13,33,34,0.9184505343437195,52.90624299959745,"[[291.1226501464844, 192.47787475585938], [336.3763732910156, 138.36219787597656], [386.0242004394531, 146.36302185058594], [358.66644287109375, 204.88705444335938]]"
200,6.673340006673341,1,found,14,33,34,0.7860366106033325,52.74048799765296,"[[287.44677734375, 194.0228271484375], [334.2831115722656, 134.8389434814453], [381.6063537597656, 145.84344482421875], [357.60577392578125, 197.58688354492188]]"
201,6.706706706706707,1,found,12,34,34,0.9119223356246948,53.449232000275515,"[[288.7972106933594, 188.77157592773438], [333.67193603515625, 135.78524780273438], [382.9040222167969, 143.70941162109375], [355.64349365234375, 201.11138916015625]]"
202,6.740073406740073,1,found,14,33,34,0.7713285684585571,56.559486998594366,"[[283.4052429199219, 190.5809783935547], [330.7355041503906, 132.55125427246094], [377.4391174316406, 143.5323944091797], [353.2835388183594, 194.18472290039062]]"
203,6.773440106773441,1,found,16,33,34,0.8686611652374268,54.89063500135671,"[[282.5016174316406, 186.75083923339844], [330.28765869140625, 133.88436889648438], [378.11859130859375, 141.43728637695312], [350.44781494140625, 199.28253173828125]]"
204,6.806806806806807,1,found,14,34,33,0.7467951774597168,55.673274997388944,"[[281.0837707519531, 187.5217742919922], [327.2519226074219, 130.5235137939453], [373.4115295410156, 141.4324951171875], [349.1204528808594, 191.63165283203125]]"
205,6.8401735068401734,1,found,16,33,33,0.8034560680389404,54.447489004815,"[[281.14385986328125, 180.84580993652344], [328.786865234375, 132.32846069335938], [374.900634765625, 141.4050750732422], [348.0235290527344, 199.80360412597656]]"
206,6.873540206873541,1,found,9,33,33,0.7676883935928345,53.385714993055444,"[[280.1225891113281, 185.71937561035156], [326.0384216308594, 129.88597106933594], [371.71124267578125, 140.8530731201172], [347.8826599121094, 189.84213256835938]]"
207,6.906906906906907,1,found,10,32,33,0.7345761060714722,53.88855100318324,"[[280.0867614746094, 185.44224548339844], [326.1319580078125, 129.62925720214844], [370.95831298828125, 140.9044647216797], [346.6365661621094, 189.67721557617188]]"
208,6.9402736069402735,1,found,17,31,31,0.7556777000427246,53.86233000172069,"[[277.0373840332031, 180.73947143554688], [328.0546875, 131.67738342285156], [373.3131103515625, 141.28575134277344], [345.4272155761719, 196.97802734375]]"
209,6.973640306973641,1,found,12,30,30,0.7282488942146301,53.43969700334128,"[[285.2263488769531, 181.9660186767578], [324.9085693359375, 129.01107788085938], [370.5832214355469, 141.26866149902344], [346.6363220214844, 183.34617614746094]]"
210,7.007007007007007,1,found,16,30,28,0.6827690601348877,54.128545001731254,"[[265.2257995605469, 183.72525024414062], [326.7363586425781, 129.84100341796875], [371.54998779296875, 143.1480255126953], [345.02337646484375, 191.31503295898438]]"
211,7.040373707040374,1,found,10,28,27,0.6512709259986877,54.691480996552855,"[[233.81385803222656, 200.00753784179688], [326.20574951171875, 129.2717742919922], [368.9073486328125, 143.0448760986328], [344.98388671875, 192.35047912597656]]"
212,7.073740407073741,1,found,15,26,27,0.6736738681793213,52.429267001571134,"[[259.44403076171875, 185.03175354003906], [327.8424987792969, 130.1266632080078], [370.2049560546875, 143.37779235839844], [345.7738342285156, 195.5472412109375]]"
213,7.107107107107107,1,found,14,27,27,0.6676309704780579,52.21477199665969,"[[237.65830993652344, 193.17942810058594], [327.120361328125, 129.28639221191406], [368.8861999511719, 143.19606018066406], [345.2819519042969, 194.98321533203125]]"
214,7.140473807140474,1,found,10,26,26,0.6948609352111816,52.66672400466632,"[[286.37652587890625, 172.02578735351562], [326.731201171875, 128.80032348632812], [370.4500732421875, 143.02499389648438], [347.1280517578125, 184.93319702148438]]"
215,7.173840507173841,1,found,13,26,26,0.6727429628372192,53.000968997366726,"[[220.17417907714844, 200.73577880859375], [325.8697509765625, 128.76260375976562], [367.62445068359375, 141.97384643554688], [344.3281555175781, 193.4970245361328]]"
216,7.207207207207207,1,found,14,24,25,0.669604480266571,54.065159005403984,"[[170.12176513671875, 221.23597717285156], [325.4811096191406, 128.22360229492188], [366.5104675292969, 141.430419921875], [343.60791015625, 194.5751953125]]"
217,7.240573907240575,1,found,13,25,25,0.659854531288147,52.986011003667954,"[[225.33154296875, 194.7115020751953], [325.9966125488281, 126.6447525024414], [366.2118835449219, 141.32286071777344], [342.4173583984375, 188.54656982421875]]"
218,7.273940607273941,0,invalid_projection,12,25,24,1.177262783050537,52.367413001775276,
219,7.307307307307307,0,few_inliers,10,0,4,,53.77367199980654,
220,7.340674007340675,0,few_inliers,10,0,5,,52.524202001222875,
221,7.374040707374041,0,few_inliers,14,0,4,,57.75635299505666,
222,7.407407407407407,0,few_matches,8,0,0,,52.46587500005262,
223,7.440774107440775,0,few_inliers,10,0,4,,55.91425199963851,
224,7.474140807474141,0,few_inliers,8,0,4,,62.19182700442616,
225,7.5075075075075075,0,few_inliers,13,0,5,,61.642585998924915,
226,7.540874207540875,0,few_inliers,10,0,4,,61.450995002815034,
227,7.574240907574241,0,few_inliers,12,0,4,,63.698915000713896,
228,7.607607607607608,0,few_inliers,12,0,4,,66.32918800460175,
229,7.640974307640975,0,few_inliers,9,0,4,,60.42227400030242,
230,7.674341007674341,0,few_inliers,9,0,4,,59.0675600033137,
231,7.707707707707708,0,few_matches,6,0,0,,54.2421860009199,
232,7.741074407741075,0,few_inliers,15,0,4,,63.78350099839736,
233,7.774441107774441,0,few_inliers,13,0,4,,60.602215002290905,
234,7.807807807807808,0,few_inliers,10,0,4,,61.78326899680542,
235,7.841174507841175,0,few_inliers,10,0,4,,59.36036899947794,
236,7.874541207874541,0,few_inliers,11,0,4,,64.53655700170202,
237,7.907907907907909,0,few_inliers,9,0,4,,61.80153299646918,
238,7.941274607941275,0,few_inliers,13,0,4,,69.03696300287265,
239,7.974641307974641,0,few_inliers,20,0,4,,82.54863699403359,
240,8.008008008008009,0,few_matches,7,0,0,,58.72927699965658,
241,8.041374708041374,0,few_inliers,15,0,5,,59.72912300057942,
242,8.074741408074741,0,few_inliers,14,0,4,,62.234092998551205,
243,8.108108108108109,0,few_inliers,15,0,4,,66.68402600189438,
244,8.141474808141474,0,few_inliers,11,0,4,,57.93214200093644,
245,8.174841508174842,0,few_inliers,11,0,4,,58.07726999773877,
246,8.208208208208209,0,few_inliers,10,0,4,,55.975178998778574,
247,8.241574908241574,0,few_inliers,12,0,4,,57.8153980022762,
248,8.274941608274942,0,few_inliers,13,0,4,,57.24095000186935,
249,8.308308308308309,0,few_inliers,12,0,4,,55.7827750017168,
250,8.341675008341676,0,few_inliers,13,0,4,,58.59430199780036,
251,8.375041708375042,0,few_inliers,11,0,4,,57.37601900182199,
252,8.408408408408409,0,few_inliers,14,0,5,,59.635518002323806,
253,8.441775108441776,0,few_inliers,20,0,5,,81.70135500404285,
254,8.475141808475142,0,few_inliers,16,0,5,,63.53509800101165,
255,8.508508508508509,0,few_inliers,16,0,5,,64.19778899726225,
256,8.541875208541876,0,few_inliers,12,0,5,,61.39363599504577,
257,8.575241908575242,0,few_inliers,18,0,4,,74.96413200715324,
258,8.608608608608609,0,few_inliers,12,0,4,,58.65948399878107,
259,8.641975308641976,0,few_inliers,11,0,4,,55.80548999569146,
260,8.675342008675342,0,few_inliers,10,0,4,,59.395750002295244,
261,8.70870870870871,0,few_inliers,14,0,4,,66.61830999655649,
262,8.742075408742076,0,few_inliers,18,0,5,,67.53252299677115,
263,8.775442108775442,0,few_inliers,13,0,4,,63.05816399981268,
264,8.80880880880881,0,few_inliers,15,0,4,,66.63774499611463,
265,8.842175508842177,0,few_inliers,12,0,4,,60.196455000550486,
266,8.875542208875542,0,few_inliers,9,0,4,,57.12674299866194,
267,8.90890890890891,0,few_inliers,9,0,4,,56.10315800004173,
268,8.942275608942277,0,few_inliers,15,0,4,,62.930579006206244,
269,8.975642308975642,0,few_inliers,14,0,4,,59.965088999888394,
270,9.00900900900901,0,few_inliers,10,0,4,,57.1494040050311,
271,9.042375709042377,0,few_inliers,11,0,4,,59.1310939998948,
272,9.075742409075742,0,few_inliers,11,0,4,,58.88516100094421,
273,9.10910910910911,0,few_inliers,9,0,4,,57.724933001736645,
274,9.142475809142477,0,few_inliers,13,0,4,,64.09053900279105,
275,9.175842509175842,0,few_inliers,9,0,4,,65.0465799990343,
276,9.20920920920921,0,few_inliers,13,0,4,,69.46204099949682,
277,9.242575909242577,0,few_inliers,12,0,4,,65.68714999593794,
278,9.275942609275942,0,few_inliers,14,0,4,,69.93960199906724,
279,9.30930930930931,0,few_inliers,16,0,4,,79.56872499926249,
280,9.342676009342677,0,few_inliers,16,0,4,,72.85278600465972,
281,9.376042709376042,0,few_inliers,13,0,4,,64.66393599839648,
282,9.40940940940941,0,few_inliers,11,0,4,,59.7823360003531,
283,9.442776109442777,0,few_inliers,12,0,4,,61.033739999402314,
284,9.476142809476142,0,few_inliers,13,0,4,,62.754389000474475,
285,9.50950950950951,0,few_matches,6,0,0,,55.44393599848263,
286,9.542876209542877,0,few_inliers,11,0,4,,57.883589004632086,
287,9.576242909576242,0,few_inliers,9,0,4,,57.755613001063466,
288,9.60960960960961,0,few_inliers,16,0,5,,62.84104700171156,
289,9.642976309642977,0,few_inliers,13,0,4,,71.12374799908139,
290,9.676343009676343,0,few_inliers,15,0,4,,72.65244400332449,
291,9.70970970970971,0,few_inliers,8,0,4,,60.901459997694474,
292,9.743076409743077,0,few_inliers,11,0,4,,62.42903400561772,
293,9.776443109776443,0,few_inliers,8,0,4,,60.36764699820196,
294,9.80980980980981,0,few_inliers,8,0,4,,62.249032002000604,
295,9.843176509843177,0,few_inliers,10,0,4,,62.05853099527303,
296,9.876543209876544,0,few_inliers,9,0,4,,58.701398003904615,
297,9.90990990990991,0,few_inliers,9,0,4,,58.664660005888436,
298,9.943276609943277,0,few_inliers,11,0,4,,59.32978600321803,
299,9.976643309976645,0,few_inliers,11,0,4,,59.09624500054633,
300,10.01001001001001,0,few_inliers,10,0,4,,59.61202499747742,
301,10.043376710043377,0,few_inliers,19,0,5,,71.03961300163064,
302,10.076743410076745,0,few_inliers,8,0,4,,58.64107699744636,
303,10.11011011011011,0,few_inliers,16,0,4,,70.26982599927578,
304,10.143476810143477,0,few_inliers,13,0,4,,62.109659003908746,
305,10.176843510176845,0,few_inliers,15,0,4,,67.59684700227808,
306,10.21021021021021,0,few_inliers,14,0,4,,63.97214000025997,
307,10.243576910243577,0,few_inliers,12,0,4,,60.669156002404634,
308,10.276943610276945,0,few_inliers,12,0,4,,61.545489996206015,
309,10.31031031031031,0,few_inliers,13,0,4,,63.27649799641222,
310,10.343677010343677,0,few_inliers,12,0,4,,63.220825999451336,
311,10.377043710377045,0,few_inliers,10,0,4,,62.071168002148625,
312,10.41041041041041,0,few_inliers,10,0,4,,63.521490003040526,
313,10.443777110443778,0,few_inliers,11,0,5,,64.05764699593419,
314,10.477143810477145,0,few_inliers,9,0,5,,61.50391399569344,
315,10.51051051051051,0,few_inliers,15,0,5,,66.70095700246748,
316,10.543877210543878,0,few_inliers,13,0,4,,64.8114559953683,
317,10.577243910577245,0,few_inliers,12,0,4,,63.29882900172379,
318,10.61061061061061,0,few_inliers,8,0,4,,58.296003997384105,
319,10.643977310643978,0,few_inliers,12,0,4,,61.03998699836666,
320,10.677344010677345,0,few_inliers,15,0,4,,67.78396599838743,
321,10.71071071071071,0,few_inliers,10,0,4,,61.249297999893315,
322,10.744077410744078,0,few_inliers,9,0,4,,59.730278997449204,
323,10.777444110777445,0,few_inliers,11,0,4,,61.8787780040293,
324,10.81081081081081,0,few_inliers,13,0,5,,74.44553799723508,
325,10.844177510844178,0,few_matches,6,0,0,,113.46658699767431,
326,10.877544210877545,0,few_inliers,11,0,4,,77.45705699926475,
327,10.91091091091091,0,few_inliers,10,0,4,,115.39106200507376,
328,10.944277610944278,0,few_inliers,9,0,4,,58.39242399815703,
329,10.977644310977645,0,few_matches,5,0,0,,57.951902999775484,
330,11.01101101101101,0,few_inliers,13,0,3,,58.57745600224007,
331,11.044377711044378,0,few_matches,6,0,0,,56.42413900204701,
332,11.077744411077745,0,few_inliers,8,0,4,,56.49549100053264,
333,11.11111111111111,0,few_inliers,12,0,4,,60.53521300054854,
334,11.144477811144478,0,few_inliers,13,0,4,,61.84713300172007,
335,11.177844511177845,0,few_inliers,17,0,4,,69.15099999605445,
336,11.21121121121121,0,few_inliers,15,0,4,,64.90326300263405,
337,11.244577911244578,0,few_inliers,13,0,4,,60.24089400307275,
338,11.277944611277945,0,few_inliers,14,0,4,,63.874418003251776,
339,11.311311311311313,0,few_inliers,15,0,5,,58.34002100164071,
340,11.344678011344678,0,few_inliers,8,0,4,,53.61354300111998,
341,11.378044711378045,0,few_inliers,11,0,4,,55.65025599935325,
342,11.411411411411413,0,few_inliers,13,0,4,,59.622032997140195,
343,11.444778111444778,0,few_inliers,10,0,4,,55.80061200453201,
344,11.478144811478145,0,few_inliers,10,0,4,,52.962804002163466,
345,11.511511511511513,0,few_inliers,9,0,4,,52.45519800519105,
346,11.544878211544878,0,few_inliers,8,0,4,,52.12961899815127,
347,11.578244911578246,0,few_matches,6,0,0,,50.37019700102974,
348,11.611611611611613,0,few_inliers,12,0,5,,52.99265799840214,
349,11.644978311644978,0,few_inliers,17,0,5,,56.147159993997775,
350,11.678345011678346,0,few_inliers,17,0,4,,67.16089800465852,
351,11.711711711711713,0,few_inliers,12,0,4,,52.89848699612776,
352,11.745078411745078,0,few_inliers,15,0,4,,56.89370899926871,
353,11.778445111778446,0,few_inliers,19,0,4,,70.53429499501362,
354,11.811811811811813,0,few_inliers,17,0,5,,58.4563079974032,
355,11.845178511845178,0,few_inliers,15,0,5,,56.53542800428113,
356,11.878545211878546,0,few_inliers,17,0,5,,56.16044800262898,
357,11.911911911911913,0,few_inliers,12,0,5,,52.80827000387944,
358,11.945278611945279,0,few_inliers,19,0,5,,62.82286399800796,
359,11.978645311978646,0,few_inliers,14,0,4,,56.665948999579996,
360,12.012012012012013,0,few_inliers,16,0,4,,64.19455199647928,
361,12.045378712045379,0,few_inliers,9,0,4,,52.946765994420275,
362,12.078745412078746,0,few_inliers,12,0,4,,56.709549004153814,
363,12.112112112112113,0,few_inliers,21,0,5,,71.73424500069814,
364,12.145478812145479,0,few_inliers,19,0,5,,65.07939199946122,
365,12.178845512178846,0,few_inliers,21,0,7,,60.06898999476107,
366,12.212212212212213,0,few_inliers,12,0,5,,56.383267998171505,
367,12.245578912245579,0,few_inliers,23,0,10,,57.428496998909395,
368,12.278945612278946,0,few_inliers,25,0,5,,76.90057300351327,
369,12.312312312312313,0,few_inliers,25,0,10,,58.96883499372052,
370,12.345679012345679,1,found,18,0,9,0.21538415551185608,59.222211995802354,"[[296.9196472167969, 264.8003234863281], [333.8145751953125, 169.7876739501953], [409.4056091308594, 180.39218139648438], [384.813232421875, 280.922607421875]]"
371,12.379045712379046,1,found,18,2,10,0.18013331294059753,61.9527550006751,"[[294.94500732421875, 267.4984436035156], [332.7577819824219, 170.78382873535156], [408.94927978515625, 179.685791015625], [385.5475158691406, 285.99737548828125]]"
372,12.412412412412413,1,found,14,6,13,0.45956993103027344,60.38912299845833,"[[293.9296875, 269.3459777832031], [330.5786437988281, 168.17117309570312], [408.626220703125, 177.16622924804688], [385.2640380859375, 285.46484375]]"
373,12.445779112445779,1,found,20,7,14,0.487576425075531,56.92429799819365,"[[291.8724670410156, 268.7541198730469], [326.9421691894531, 162.9412384033203], [407.08984375, 172.2819366455078], [383.9993896484375, 283.50836181640625]]"
374,12.479145812479146,1,found,25,5,16,0.3604554235935211,61.609882999619,"[[290.8971862792969, 272.99285888671875], [324.89154052734375, 160.51426696777344], [406.01104736328125, 172.50119018554688], [384.5419616699219, 284.8226013183594]]"
375,12.512512512512513,1,found,23,6,16,0.44701018929481506,60.28726499789627,"[[291.30938720703125, 278.6784362792969], [324.6744079589844, 161.99661254882812], [406.8739318847656, 174.20066833496094], [387.32421875, 291.19573974609375]]"
376,12.545879212545879,1,found,18,9,16,0.5110151767730713,59.27261499891756,"[[292.5545654296875, 285.5724792480469], [325.6999206542969, 164.27113342285156], [409.36993408203125, 175.5413818359375], [392.4677429199219, 300.04168701171875]]"
377,12.579245912579246,1,found,26,10,19,0.5807849168777466,60.523771004227456,"[[295.03497314453125, 290.12542724609375], [327.1583557128906, 165.90505981445312], [413.457763671875, 176.86387634277344], [395.83087158203125, 304.75634765625]]"
378,12.612612612612613,1,found,27,9,20,0.6558108925819397,60.14598500041757,"[[296.5051574707031, 296.2872619628906], [328.3298645019531, 167.0263214111328], [415.7755126953125, 179.2364501953125], [399.3431701660156, 309.8473205566406]]"
379,12.645979312645979,1,found,36,7,23,0.8116185069084167,63.24617800419219,"[[299.00604248046875, 301.2240905761719], [329.404052734375, 168.85281372070312], [418.80145263671875, 180.30682373046875], [403.23529052734375, 315.3015441894531]]"
380,12.679346012679346,1,found,30,9,25,0.7127013802528381,63.73346599866636,"[[301.91796875, 305.13702392578125], [330.8550720214844, 170.58035278320312], [422.1124267578125, 180.18557739257812], [406.7724609375, 320.9109802246094]]"
381,12.712712712712714,1,found,26,12,26,0.8479809761047363,62.89398900116794,"[[301.16748046875, 311.2351379394531], [330.4610290527344, 169.24383544921875], [422.519287109375, 182.34910583496094], [409.7515869140625, 323.51251220703125]]"
382,12.746079412746079,1,found,27,16,27,0.8003141283988953,66.85250800364884,"[[305.49298095703125, 314.7832946777344], [332.57769775390625, 171.27615356445312], [425.8044128417969, 182.2248992919922], [414.13580322265625, 328.8985595703125]]"
383,12.779446112779446,1,found,23,15,27,0.8686023354530334,62.2903600014979,"[[309.8554382324219, 316.59698486328125], [335.7608337402344, 172.6378173828125], [432.11322021484375, 180.61880493164062], [421.88909912109375, 333.7019348144531]]"
384,12.812812812812814,1,found,32,16,35,0.6736928820610046,68.10745200345991,"[[312.0777282714844, 318.2782897949219], [338.63751220703125, 170.0062255859375], [435.1490478515625, 179.12982177734375], [426.03887939453125, 333.0906066894531]]"
385,12.84617951284618,1,found,33,18,37,0.7311922907829285,62.551562004955485,"[[315.1339416503906, 316.4809875488281], [339.8819274902344, 165.81813049316406], [438.26348876953125, 174.39358520507812], [427.3319091796875, 331.55322265625]]"
386,12.879546212879546,1,found,38,18,39,0.6013121604919434,61.65234500076622,"[[315.8194580078125, 316.4977111816406], [339.7654724121094, 160.2224884033203], [438.8388671875, 170.9080047607422], [428.3113098144531, 329.5728454589844]]"
387,12.912912912912914,1,found,29,21,37,0.6114935278892517,56.731955002760515,"[[317.2574157714844, 313.8504943847656], [339.9468078613281, 154.44857788085938], [440.5802001953125, 165.51596069335938], [431.08624267578125, 326.0060119628906]]"
388,12.946279612946281,1,found,23,24,36,0.6749873161315918,55.325893001281656,"[[319.55682373046875, 310.134765625], [341.5335998535156, 146.72003173828125], [443.3659362792969, 158.2899932861328], [434.2637023925781, 321.0664367675781]]"
389,12.979646312979646,1,found,27,21,38,0.6762008666992188,55.233163002412766,"[[321.12591552734375, 306.81341552734375], [343.0985412597656, 140.65513610839844], [447.2274475097656, 151.38381958007812], [438.2821960449219, 318.1932373046875]]"
390,13.013013013013014,1,found,34,17,40,0.6664270758628845,54.51138199714478,"[[321.6221618652344, 304.8187561035156], [343.1072082519531, 133.39068603515625], [448.4215087890625, 145.64744567871094], [439.2282409667969, 313.6379699707031]]"
391,13.046379713046381,0,few_matches,4,0,0,,36.317448000772856,
392,13.079746413079747,0,few_matches,4,0,0,,31.22021300077904,
393,13.113113113113114,0,few_matches,4,0,0,,30.702369003847707,
394,13.146479813146481,0,few_matches,5,0,0,,31.746563996421173,
395,13.179846513179847,0,few_matches,5,0,0,,32.1213639981579,
396,13.213213213213214,0,few_matches,4,0,0,,31.761491001816466,
397,13.246579913246581,0,few_matches,6,0,0,,31.61415000067791,
398,13.279946613279947,0,few_matches,4,0,0,,32.0301460014889,
399,13.313313313313314,0,few_matches,5,0,0,,32.645911000145134,
400,13.346680013346681,1,found,38,0,29,0.4669765532016754,64.69782699423376,"[[309.5825500488281, 332.461181640625], [328.56585693359375, 115.70263671875], [454.10986328125, 122.59980010986328], [451.5782775878906, 339.3296813964844]]"
401,13.380046713380047,1,found,45,5,39,0.4811861515045166,67.25822699809214,"[[306.32073974609375, 338.63739013671875], [326.12872314453125, 115.8458480834961], [453.0644836425781, 123.87590026855469], [448.42047119140625, 345.18634033203125]]"
402,13.413413413413414,1,found,42,13,44,0.5406986474990845,68.42234600480879,"[[301.59942626953125, 341.07366943359375], [323.5363464355469, 115.0235595703125], [452.2648010253906, 122.129638671875], [447.8235778808594, 351.196533203125]]"
403,13.446780113446781,1,found,53,15,50,0.570502519607544,69.25132500327891,"[[300.37420654296875, 342.2503662109375], [317.444091796875, 109.8971176147461], [450.025634765625, 118.12257385253906], [447.5259704589844, 347.4795837402344]]"
404,13.480146813480147,1,found,48,14,50,0.6716220378875732,67.35557999490993,"[[300.58636474609375, 343.3852844238281], [316.34149169921875, 105.76583099365234], [451.4033203125, 114.1758041381836], [449.984619140625, 347.9914855957031]]"
405,13.513513513513514,1,found,54,15,51,0.6425963044166565,65.80172599933576,"[[302.00689697265625, 344.4521484375], [319.45721435546875, 104.0762939453125], [455.66815185546875, 109.49332427978516], [456.7277526855469, 355.0544738769531]]"
406,13.546880213546881,1,found,49,20,54,0.6846809387207031,67.79983999877004,"[[304.7852478027344, 343.0852355957031], [321.2442321777344, 99.12171936035156], [460.1233825683594, 105.01732635498047], [460.4726257324219, 353.3726501464844]]"
407,13.580246913580247,1,found,52,25,60,0.7078522443771362,63.73088899999857,"[[305.6524658203125, 340.4735412597656], [323.0162353515625, 92.33536529541016], [463.8030090332031, 99.46160125732422], [461.1390380859375, 348.99749755859375]]"
408,13.613613613613614,1,found,50,24,58,0.7543027400970459,64.89070699899457,"[[305.1821594238281, 336.6343688964844], [323.42724609375, 87.0643310546875], [467.0550231933594, 90.45166778564453], [466.0705871582031, 347.1172790527344]]"
409,13.646980313646981,1,found,44,28,60,0.7841180562973022,60.47980600123992,"[[304.1410827636719, 332.34405517578125], [321.7059631347656, 77.7706527709961], [467.5766906738281, 83.17230224609375], [463.476318359375, 341.87451171875]]"
410,13.680347013680347,1,found,28,37,58,0.829144299030304,56.19985600060318,"[[301.44366455078125, 329.57794189453125], [319.0112609863281, 69.69036102294922], [466.7401123046875, 75.65181732177734], [461.59039306640625, 337.9812316894531]]"
411,13.713713713713714,1,found,37,34,58,0.7300533652305603,55.43799199949717,"[[297.6549987792969, 326.6402282714844], [315.2355041503906, 62.953880310058594], [464.3831787109375, 68.08856964111328], [459.34368896484375, 333.958984375]]"
412,13.747080413747081,1,found,47,27,62,0.7269911766052246,61.27052399824606,"[[294.87469482421875, 325.9447326660156], [310.591796875, 59.088016510009766], [462.3169250488281, 62.220909118652344], [460.472412109375, 333.7641296386719]]"
413,13.780447113780447,1,found,44,29,61,0.5881154537200928,61.49671100138221,"[[293.9528503417969, 326.4862976074219], [307.2607727050781, 56.095401763916016], [460.4566955566406, 59.260536193847656], [459.087158203125, 334.2643127441406]]"
414,13.813813813813814,1,found,42,31,62,0.7532673478126526,61.126118001993746,"[[291.24896240234375, 330.43182373046875], [303.75823974609375, 58.029541015625], [458.18829345703125, 59.67617416381836], [458.20562744140625, 337.95574951171875]]"
415,13.847180513847182,1,found,52,34,64,0.7241177558898926,62.15559499833034,"[[289.9778137207031, 334.0356140136719], [299.9503173828125, 58.296775817871094], [453.9857177734375, 61.737831115722656], [454.3321533203125, 337.1770324707031]]"
416,13.880547213880547,1,found,48,30,65,0.6970611810684204,61.39012399944477,"[[288.634033203125, 336.8598327636719], [295.9554443359375, 58.91188430786133], [450.1251220703125, 61.988014221191406], [452.8350830078125, 337.61468505859375]]"
417,13.913913913913914,1,found,52,29,66,0.6797133684158325,61.542812996776775,"[[289.0075378417969, 338.934814453125], [292.4598693847656, 61.02984619140625], [447.10040283203125, 62.8534049987793], [452.58489990234375, 337.9530334472656]]"
418,13.947280613947282,1,found,47,33,67,0.7092070579528809,61.84412500442704,"[[288.4136657714844, 340.5004577636719], [289.2972717285156, 63.39574432373047], [443.360595703125, 63.137596130371094], [452.283203125, 337.2498779296875]]"
419,13.980647313980647,1,found,46,39,69,0.881099283695221,57.96919000567868,"[[287.1187744140625, 340.9942321777344], [283.4764404296875, 64.59147644042969], [438.1951599121094, 62.31895065307617], [450.7220153808594, 335.4190673828125]]"
420,14.014014014014014,1,found,56,35,71,0.7263680696487427,58.44065000565024,"[[284.6983947753906, 343.0055847167969], [276.4142150878906, 65.9403305053711], [430.1065673828125, 61.34339904785156], [447.747314453125, 333.5845031738281]]"
421,14.047380714047382,1,found,48,36,70,0.6586436033248901,60.79638200026238,"[[285.0854187011719, 343.5013427734375], [267.5386047363281, 69.11727142333984], [420.7180480957031, 58.83205795288086], [447.4579162597656, 329.9552917480469]]"
422,14.080747414080747,1,found,51,34,70,0.6829679012298584,62.78164299874334,"[[287.2860107421875, 346.2656555175781], [259.9376220703125, 72.6264419555664], [411.32122802734375, 58.9334716796875], [447.3318786621094, 324.5115966796875]]"
423,14.114114114114114,1,found,51,35,72,0.6377549171447754,62.954410997917876,"[[288.408935546875, 347.05731201171875], [254.34698486328125, 76.93961334228516], [404.3524475097656, 57.91828536987305], [448.11322021484375, 323.5301208496094]]"
424,14.147480814147482,1,found,55,35,70,0.7945085763931274,62.546449997171294,"[[289.4151611328125, 345.69244384765625], [247.32408142089844, 78.69573974609375], [398.0797119140625, 56.23914337158203], [448.2005615234375, 318.85174560546875]]"
425,14.180847514180847,1,found,59,29,67,0.7287108302116394,63.55984800029546,"[[291.1497497558594, 347.1894226074219], [239.9198760986328, 79.5967025756836], [388.8404846191406, 53.44932174682617], [447.5248718261719, 310.9245910644531]]"
426,14.214214214214214,1,found,56,25,69,0.7281336188316345,65.90330800099764,"[[295.0050964355469, 346.6888122558594], [235.35018920898438, 80.73714447021484], [383.4246826171875, 51.24772262573242], [448.9901428222656, 305.179931640625]]"
427,14.247580914247582,1,found,59,33,74,0.6656447649002075,68.6416559983627,"[[298.9770202636719, 344.88531494140625], [232.57908630371094, 83.23048400878906], [379.3680419921875, 48.45340347290039], [453.0401306152344, 302.0260925292969]]"
428,14.280947614280947,1,found,56,40,76,0.7030898332595825,70.04831000085687,"[[304.177978515625, 342.5050354003906], [230.22640991210938, 82.60169219970703], [375.7368469238281, 46.32310485839844], [456.7771301269531, 296.7214050292969]]"
429,14.314314314314315,1,found,54,38,74,0.794748067855835,69.89788200007752,"[[310.4448547363281, 338.3190002441406], [230.84228515625, 81.37494659423828], [375.4842224121094, 42.3433952331543], [462.402587890625, 289.5619812011719]]"
430,14.347681014347682,1,found,38,50,72,0.7697231769561768,74.12456499878317,"[[315.2455749511719, 333.9311218261719], [231.255859375, 80.16545867919922], [373.87823486328125, 38.215614318847656], [466.8987731933594, 283.3125915527344]]"
431,14.38104771438105,1,found,45,41,76,0.9058520793914795,74.27723499858985,"[[318.3192138671875, 327.0953063964844], [228.63623046875, 77.65049743652344], [371.1385498046875, 31.41450309753418], [469.5874328613281, 276.52496337890625]]"
432,14.414414414414415,1,found,55,37,74,0.7503316402435303,78.78838500619167,"[[321.381591796875, 325.626708984375], [225.33448791503906, 76.0205307006836], [364.11322021484375, 28.897918701171875], [467.2266845703125, 265.3099365234375]]"
433,14.447781114447782,1,found,58,36,76,0.6930917501449585,82.69553300488042,"[[324.66748046875, 322.9737854003906], [221.69418334960938, 77.57828521728516], [357.9977722167969, 25.655319213867188], [469.4333801269531, 260.5035400390625]]"
434,14.48114781448115,1,found,53,41,71,0.5936140418052673,76.02302000304917,"[[329.216552734375, 318.89031982421875], [216.75439453125, 78.40416717529297], [352.7771301269531, 25.461029052734375], [465.16082763671875, 252.46630859375]]"
435,14.514514514514515,1,found,52,35,73,0.6312209367752075,74.97843400051352,"[[334.1968078613281, 316.0572509765625], [218.30807495117188, 80.4448471069336], [350.4898376464844, 24.033615112304688], [471.0006103515625, 248.6773681640625]]"
436,14.547881214547882,1,found,56,41,77,0.7193633317947388,72.04858199838782,"[[340.03204345703125, 310.2030944824219], [218.41941833496094, 78.22489929199219], [349.4911193847656, 19.93946647644043], [474.2396240234375, 240.71592712402344]]"
437,14.58124791458125,1,found,54,37,72,0.6863709688186646,70.47141400107648,"[[347.4790954589844, 302.5050354003906], [219.78515625, 77.90556335449219], [348.7350769042969, 16.654590606689453], [478.28253173828125, 229.9888458251953]]"
438,14.614614614614615,1,found,47,39,70,0.6185617446899414,62.9641929990612,"[[353.7232666015625, 296.5078430175781], [222.76234436035156, 73.91293334960938], [348.80615234375, 11.0160493850708], [484.1260681152344, 222.9048309326172]]"
439,14.647981314647982,1,found,61,30,74,0.672227680683136,72.89204800326843,"[[359.67413330078125, 289.1953430175781], [223.76719665527344, 71.19950866699219], [349.6162414550781, 5.259679794311523], [486.5653991699219, 214.62887573242188]]"
440,14.68134801468135,1,found,51,40,74,0.6299762725830078,70.21772699954454,"[[366.0268249511719, 289.68511962890625], [223.51666259765625, 76.5819091796875], [346.4593200683594, 7.809647083282471], [489.8211364746094, 209.25296020507812]]"
441,14.714714714714715,1,found,52,35,79,0.5390973687171936,79.55989199399482,"[[369.4376525878906, 289.78173828125], [225.33370971679688, 80.3916015625], [345.84710693359375, 11.4130859375], [490.5716552734375, 208.8995819091797]]"
442,14.748081414748082,1,found,35,54,78,0.7582897543907166,67.77928099472774,"[[367.4281311035156, 294.287841796875], [221.93862915039062, 86.86129760742188], [340.8641662597656, 16.111257553100586], [485.696044921875, 207.8394317626953]]"
443,14.78144811478145,1,found,31,59,72,0.8635958433151245,69.84397699852707,"[[363.1480712890625, 303.94036865234375], [218.32562255859375, 97.59368133544922], [331.6440124511719, 26.038639068603516], [486.3150634765625, 217.21487426757812]]"
444,14.814814814814815,1,found,36,51,75,0.7748590111732483,69.72581999434624,"[[355.5226745605469, 297.6961364746094], [208.8703155517578, 100.96407318115234], [324.781005859375, 29.0424747467041], [472.19757080078125, 215.13087463378906]]"
445,14.848181514848182,1,found,27,58,72,0.8734680414199829,66.5963740029838,"[[348.667724609375, 306.5220031738281], [198.27870178222656, 106.97897338867188], [314.6052551269531, 36.88842010498047], [462.19482421875, 217.86318969726562]]"
446,14.88154821488155,1,found,23,61,68,0.9789697527885437,65.0865400020848,"[[337.8276062011719, 316.04095458984375], [185.31268310546875, 118.66378784179688], [300.79364013671875, 48.5395622253418], [449.124755859375, 224.5996551513672]]"
447,14.914914914914915,1,found,26,58,67,1.1064199209213257,55.74732799868798,"[[328.478515625, 330.30108642578125], [173.14442443847656, 133.52288818359375], [286.1022033691406, 63.48479080200195], [437.29217529296875, 235.25885009765625]]"
448,14.948281614948282,1,found,31,55,64,1.0670043230056763,50.43554300209507,"[[319.70672607421875, 344.6676025390625], [161.7177276611328, 151.2907257080078], [274.27520751953125, 80.88331604003906], [426.03863525390625, 248.68666076660156]]"
449,14.98164831498165,1,found,31,55,69,0.9727364182472229,56.62283299898263,"[[312.3795471191406, 353.7589416503906], [153.68580627441406, 163.38900756835938], [266.6711120605469, 95.5475082397461], [414.7635192871094, 260.2452697753906]]"
450,15.015015015015015,1,found,38,47,70,0.98458331823349,65.68095600232482,"[[309.62152099609375, 357.3953552246094], [147.98585510253906, 169.8538818359375], [260.33453369140625, 105.20060729980469], [408.0830078125, 265.038330078125]]"
451,15.048381715048382,1,found,39,48,70,1.020970106124878,54.83928399917204,"[[311.2313232421875, 358.39825439453125], [149.69528198242188, 173.93145751953125], [259.2225036621094, 108.07109832763672], [408.5262451171875, 269.5513916015625]]"
452,15.08174841508175,1,found,31,54,68,1.1021981239318848,49.3012520018965,"[[314.8834228515625, 367.16815185546875], [153.73074340820312, 183.1435546875], [262.2591552734375, 117.67306518554688], [410.3119812011719, 276.38507080078125]]"
453,15.115115115115115,1,found,27,56,70,1.0523605346679688,47.10619399702409,"[[321.28411865234375, 370.88641357421875], [161.61679077148438, 189.84780883789062], [268.1550598144531, 126.15281677246094], [413.2747802734375, 280.99591064453125]]"
454,15.148481815148482,1,found,26,56,69,1.0475881099700928,46.88149900175631,"[[330.3805236816406, 373.792236328125], [172.0604248046875, 195.21571350097656], [276.3622741699219, 132.13833618164062], [424.76031494140625, 286.7240905761719]]"
455,15.18184851518185,1,found,33,50,72,0.8921598792076111,55.825743002060335,"[[336.9307556152344, 377.5208740234375], [181.03807067871094, 197.52713012695312], [283.2984619140625, 136.4410400390625], [434.44659423828125, 290.4861145019531]]"
456,15.215215215215215,1,found,36,52,75,0.8844813108444214,58.04724000336137,"[[340.8694763183594, 375.08001708984375], [186.99240112304688, 197.728759765625], [289.2518615722656, 138.05809020996094], [437.1272888183594, 290.9396667480469]]"
457,15.248581915248582,1,found,41,50,74,0.876723051071167,59.87870699755149,"[[343.1402282714844, 377.21905517578125], [192.22567749023438, 200.7264862060547], [294.1144104003906, 142.6714630126953], [439.5655822753906, 297.40380859375]]"
458,15.28194861528195,1,found,40,50,79,0.8054232001304626,69.68770400271751,"[[345.97674560546875, 380.8211669921875], [195.97003173828125, 204.14736938476562], [298.3204650878906, 148.20343017578125], [441.5312805175781, 298.9894714355469]]"
459,15.315315315315315,1,found,33,57,83,0.9242652058601379,68.92635000258451,"[[349.5234069824219, 381.9148864746094], [201.27999877929688, 203.73699951171875], [302.9561462402344, 149.78375244140625], [447.05096435546875, 301.3521728515625]]"
460,15.348682015348682,1,found,33,65,82,0.8547689914703369,74.56117099354742,"[[354.152587890625, 377.0663757324219], [206.3548126220703, 201.90533447265625], [308.7905578613281, 149.7431640625], [448.49530029296875, 297.10894775390625]]"
461,15.38204871538205,1,found,36,59,83,0.8078625798225403,73.62911300151609,"[[358.63433837890625, 373.0068359375], [213.2220001220703, 198.49191284179688], [314.41168212890625, 147.19631958007812], [457.3552551269531, 297.0133972167969]]"
462,15.415415415415415,1,found,31,60,80,0.7259795665740967,69.99095900391694,"[[363.63348388671875, 367.2037048339844], [220.78665161132812, 193.4271240234375], [320.5206298828125, 142.91671752929688], [464.322998046875, 292.7032775878906]]"
463,15.448782115448783,1,found,43,52,79,0.6452680826187134,75.48093299556058,"[[364.89202880859375, 366.84063720703125], [223.16604614257812, 190.92877197265625], [323.7647399902344, 141.2908935546875], [466.1446838378906, 292.7711486816406]]"
464,15.48214881548215,1,found,39,54,72,0.7421124577522278,67.8643369974452,"[[366.45782470703125, 366.4187316894531], [225.7188262939453, 193.89344787597656], [328.2088928222656, 145.67333984375], [464.694580078125, 295.88140869140625]]"
465,15.515515515515515,1,found,39,48,69,0.8292396664619446,62.935005997132976,"[[374.56884765625, 375.8200378417969], [235.47093200683594, 197.15969848632812], [335.36212158203125, 150.8543243408203], [481.545654296875, 306.4525146484375]]"
466,15.548882215548883,1,found,31,55,72,0.8755963444709778,62.90585199894849,"[[378.5575866699219, 372.27374267578125], [241.96913146972656, 193.96832275390625], [343.5849914550781, 150.244873046875], [484.4437561035156, 303.20465087890625]]"
467,15.58224891558225,1,found,46,48,79,1.0466787815093994,68.13654800498625,"[[379.11907958984375, 364.8397521972656], [244.29478454589844, 184.95619201660156], [347.488525390625, 144.00564575195312], [486.144775390625, 300.9529724121094]]"
468,15.615615615615615,1,found,35,55,76,0.9054417014122009,82.68834499904187,"[[377.58245849609375, 364.06878662109375], [244.9570770263672, 183.7613983154297], [347.94158935546875, 142.37464904785156], [486.8475341796875, 299.38641357421875]]"
469,15.648982315648983,1,found,32,59,76,0.9017653465270996,69.91509799991036,"[[377.4360656738281, 370.5779113769531], [247.10438537597656, 188.53005981445312], [348.6602478027344, 146.30409240722656], [492.7179870605469, 307.644287109375]]"
470,15.68234901568235,1,found,17,68,69,1.0771088600158691,53.26669500209391,"[[378.2816467285156, 389.93377685546875], [249.22451782226562, 201.7532501220703], [349.47296142578125, 159.493896484375], [491.530517578125, 319.97821044921875]]"
471,15.715715715715715,1,found,18,59,62,0.8924470543861389,53.90578399965307,"[[379.26348876953125, 404.4167175292969], [250.52688598632812, 215.53759765625], [353.16497802734375, 176.5721435546875], [495.40850830078125, 341.0608215332031]]"
472,15.749082415749083,1,found,28,50,63,0.7582085728645325,64.33253399882233,"[[385.0362243652344, 411.28717041015625], [257.4266052246094, 219.01547241210938], [359.0576171875, 182.071533203125], [506.2768249511719, 351.0909118652344]]"
473,15.78244911578245,1,found,24,52,61,0.8800179362297058,60.17000599968014,"[[390.3613586425781, 410.7569580078125], [263.63433837890625, 220.0680694580078], [366.3106689453125, 183.7637939453125], [514.5321044921875, 354.1007995605469]]"
474,15.815815815815817,1,found,14,57,61,0.8112543821334839,57.40157100080978,"[[396.8944396972656, 403.4228210449219], [271.20355224609375, 216.68820190429688], [375.2176818847656, 182.73117065429688], [519.1415405273438, 347.27490234375]]"
475,15.849182515849183,1,found,12,56,52,1.3052023649215698,49.04311599966604,"[[397.0677795410156, 387.7641906738281], [272.5502624511719, 204.44317626953125], [379.5127868652344, 171.63763427734375], [517.6473999023438, 326.9878234863281]]"
476,15.88254921588255,1,found,18,48,46,1.1234543323516846,47.78266100038309,"[[394.85955810546875, 371.94940185546875], [273.1068420410156, 189.36264038085938], [377.14599609375, 157.3763885498047], [520.0444946289062, 313.7762756347656]]"
477,15.915915915915917,1,found,22,40,47,1.0840901136398315,47.76580700126942,"[[390.6219787597656, 359.98699951171875], [262.95849609375, 177.93026733398438], [370.6645812988281, 145.7100372314453], [506.644775390625, 298.77667236328125]]"
478,15.949282615949283,1,found,21,41,46,1.1944804191589355,50.06839699490229,"[[391.5947570800781, 352.93121337890625], [266.75140380859375, 171.06373596191406], [373.9415588378906, 139.05435180664062], [513.563232421875, 296.1446228027344]]"
479,15.98264931598265,1,found,18,40,45,1.1219451427459717,50.63085500296438,"[[395.9010009765625, 342.52191162109375], [270.4185791015625, 162.56544494628906], [379.89251708984375, 132.13682556152344], [516.2164916992188, 286.17523193359375]]"
480,16.016016016016017,1,found,15,39,43,1.0446587800979614,51.94382699846756,"[[401.6585693359375, 331.51531982421875], [280.4875793457031, 151.8681640625], [388.3057861328125, 122.5201644897461], [526.0692138671875, 278.62762451171875]]"
481,16.049382716049383,1,found,19,38,42,0.9534127116203308,49.377834002370946,"[[406.7624206542969, 318.012939453125], [288.14984130859375, 138.1487274169922], [396.7275390625, 112.98851013183594], [531.4841918945312, 268.3126525878906]]"
482,16.08274941608275,1,found,14,39,43,0.9442264437675476,49.05864500324242,"[[409.5948181152344, 303.75579833984375], [291.82391357421875, 125.51253509521484], [402.32171630859375, 100.9951400756836], [533.5020141601562, 256.7308044433594]]"
483,16.116116116116117,1,found,20,37,44,0.9969325065612793,50.49404199962737,"[[411.0699157714844, 293.40240478515625], [294.5945739746094, 114.50717163085938], [405.0749816894531, 91.55396270751953], [534.4064331054688, 247.1031951904297]]"
484,16.149482816149483,1,found,27,33,44,1.1394388675689697,60.66631500289077,"[[411.5768737792969, 291.505126953125], [292.669921875, 105.5690689086914], [403.9945983886719, 88.41783142089844], [523.2860717773438, 234.6756591796875]]"
485,16.18284951618285,1,found,28,35,48,1.1219151020050049,61.099382997781504,"[[408.5977478027344, 280.733642578125], [292.76361083984375, 102.94316101074219], [403.1158447265625, 80.8525390625], [531.4321899414062, 237.8631134033203]]"
486,16.216216216216218,1,found,29,38,53,1.0428828001022339,76.86025400471408,"[[406.9122314453125, 279.2216796875], [290.5619201660156, 99.02174377441406], [401.40093994140625, 78.67975616455078], [528.9566040039062, 233.8837432861328]]"
487,16.249582916249583,1,found,24,38,51,0.8468860983848572,77.57173500431236,"[[405.7951965332031, 277.1103820800781], [290.3492431640625, 94.64498901367188], [400.7909240722656, 74.59367370605469], [528.9924926757812, 229.76983642578125]]"
488,16.28294961628295,1,found,21,41,55,0.8635256290435791,75.01302699529333,"[[403.5133056640625, 270.5272216796875], [288.80224609375, 91.2252197265625], [400.53411865234375, 70.98983001708984], [525.7521362304688, 226.1730499267578]]"
489,16.316316316316318,1,found,25,44,53,0.8133596181869507,67.10424899938516,"[[402.11346435546875, 271.4803771972656], [288.02862548828125, 88.3863296508789], [398.9066467285156, 69.06733703613281], [526.84130859375, 225.390625]]"
490,16.349683016349683,1,found,21,43,52,0.8979299068450928,66.0452259980957,"[[399.7865905761719, 270.4590148925781], [285.7579040527344, 85.841796875], [396.8193664550781, 67.21407318115234], [524.1566772460938, 222.41871643066406]]"
491,16.38304971638305,1,found,28,45,53,0.8147344589233398,70.16993300203467,"[[396.2973937988281, 265.91046142578125], [281.6939392089844, 84.24674224853516], [394.8796081542969, 65.36540222167969], [518.0805053710938, 218.13299560546875]]"
492,16.416416416416418,1,found,23,44,56,0.8903336524963379,74.7523949976312,"[[393.063720703125, 264.36724853515625], [278.59295654296875, 83.82579803466797], [392.32391357421875, 64.24022674560547], [515.0806884765625, 218.15919494628906]]"
493,16.449783116449783,1,found,25,41,56,0.9698188900947571,72.68785100313835,"[[389.5969543457031, 265.17742919921875], [275.2110900878906, 84.34232330322266], [389.7217712402344, 64.97661590576172], [510.6386413574219, 217.59628295898438]]"
494,16.48314981648315,1,found,24,43,57,0.8576602339744568,71.08637799683493,"[[387.6608581542969, 267.47119140625], [272.6485290527344, 84.33334350585938], [386.3382568359375, 66.0932388305664], [504.6030578613281, 216.63404846191406]]"
495,16.516516516516518,1,found,20,46,56,0.9101369380950928,66.82679100049427,"[[384.9682312011719, 266.98883056640625], [274.4844665527344, 87.97349548339844], [385.8377685546875, 65.63260650634766], [511.58782958984375, 221.60203552246094]]"
496,16.549883216549883,1,found,16,48,55,0.8341184854507446,64.5740059990203,"[[385.4097900390625, 265.9593200683594], [273.46575927734375, 88.12663269042969], [386.81658935546875, 66.05877685546875], [508.3533935546875, 219.96588134765625]]"
497,16.583249916583252,1,found,10,52,54,0.8177847862243652,62.42031299916562,"[[388.9452819824219, 265.8173828125], [276.86865234375, 88.44088745117188], [390.6236877441406, 65.17334747314453], [513.5779418945312, 220.527099609375]]"
498,16.616616616616618,1,found,21,48,55,0.8232313394546509,50.617631000932306,"[[400.5304870605469, 267.5512390136719], [290.3454895019531, 89.74603271484375], [401.9321594238281, 64.6778564453125], [529.1788330078125, 222.77842712402344]]"
499,16.649983316649983,1,found,25,52,54,0.8519960641860962,48.76640700240387,"[[414.86883544921875, 270.73968505859375], [302.3367614746094, 92.80705261230469], [415.6192321777344, 67.37306213378906], [540.9794921875, 223.7125244140625]]"
500,16.683350016683352,1,found,20,49,54,0.9240233898162842,49.395797002944164,"[[429.36871337890625, 274.7719421386719], [317.6923522949219, 98.29672241210938], [430.5958557128906, 70.73466491699219], [558.2299194335938, 228.4860382080078]]"
501,16.716716716716718,1,found,13,49,53,1.0887293815612793,50.43344099976821,"[[444.15289306640625, 282.7026672363281], [334.0284729003906, 104.96991729736328], [445.91290283203125, 75.5421142578125], [577.0999755859375, 236.51116943359375]]"
502,16.750083416750083,1,found,15,48,52,1.0467040538787842,52.401121000002604,"[[458.114013671875, 289.02606201171875], [345.93841552734375, 110.90814208984375], [460.0263366699219, 81.64815521240234], [588.919189453125, 239.4119110107422]]"
503,16.783450116783452,1,found,25,44,51,1.1293107271194458,53.27745799877448,"[[466.87725830078125, 296.9621887207031], [356.4919128417969, 118.96583557128906], [469.81585693359375, 87.04890441894531], [599.9830322265625, 245.48916625976562]]"
504,16.816816816816818,1,found,28,43,48,1.0391733646392822,57.4226640019333,"[[474.2840270996094, 302.1192626953125], [364.6361389160156, 126.62257385253906], [475.7826843261719, 91.81659698486328], [608.9505004882812, 253.56900024414062]]"
505,16.850183516850183,1,found,23,39,49,1.0526022911071777,58.5833349978202,"[[477.28277587890625, 315.0174560546875], [367.4062194824219, 133.07688903808594], [479.3512268066406, 99.00740814208984], [614.3699340820312, 259.59857177734375]]"
506,16.883550216883553,1,found,29,39,54,0.929572343826294,60.016188996087294,"[[471.8123779296875, 319.4041748046875], [365.0455017089844, 140.15606689453125], [478.46759033203125, 103.84739685058594], [608.2648315429688, 263.9788513183594]]"
507,16.916916916916918,1,found,24,39,53,0.9462591409683228,60.91003699839348,"[[464.7305603027344, 327.4303894042969], [359.6610412597656, 147.01361083984375], [474.3102722167969, 108.71443176269531], [601.9520874023438, 268.1448059082031]]"
508,16.950283616950284,1,found,28,39,51,1.0348461866378784,63.486430000921246,"[[457.27490234375, 332.39056396484375], [354.7306213378906, 152.58570861816406], [467.5053405761719, 113.84266662597656], [592.6837768554688, 272.1856384277344]]"
509,16.983650316983653,1,found,30,39,51,0.9562343955039978,63.935915000911336,"[[447.04449462890625, 335.4410705566406], [347.93475341796875, 158.09249877929688], [460.0476989746094, 115.22884368896484], [586.427001953125, 276.4898681640625]]"
510,17.017017017017018,1,found,21,41,50,0.9850381016731262,62.35529600235168,"[[436.1622009277344, 338.1728515625], [340.8284606933594, 163.22190856933594], [450.4469299316406, 118.14427947998047], [574.5946655273438, 280.1424560546875]]"
511,17.050383717050384,1,found,26,42,50,1.1278799772262573,58.24714699701872,"[[426.3056945800781, 339.10784912109375], [331.8305358886719, 164.27072143554688], [443.09356689453125, 119.98652648925781], [560.6885986328125, 277.0628356933594]]"
512,17.083750417083753,1,found,22,45,44,1.2225689888000488,53.02680699969642,"[[413.8553771972656, 331.3212890625], [326.66717529296875, 163.20240783691406], [436.00048828125, 115.0968246459961], [559.0797729492188, 276.3601989746094]]"
513,17.117117117117118,1,found,20,40,38,1.034085750579834,51.52917400118895,"[[399.3605651855469, 330.846435546875], [307.36199951171875, 158.7399139404297], [422.7889709472656, 112.24243927001953], [535.87255859375, 261.5506591796875]]"
514,17.150483817150484,1,found,21,34,37,1.1620864868164062,51.04030099755619,"[[386.27276611328125, 324.06964111328125], [295.9479675292969, 157.4198760986328], [409.0683288574219, 103.99134063720703], [521.6763305664062, 254.30419921875]]"
515,17.183850517183853,1,found,32,28,39,1.281813621520996,58.93621900031576,"[[374.2629089355469, 319.9006042480469], [285.04656982421875, 155.47811889648438], [397.3287048339844, 99.24774169921875], [509.0478820800781, 250.85540771484375]]"
516,17.217217217217218,1,found,24,29,35,1.0803292989730835,70.08028800191823,"[[365.4132080078125, 316.2325134277344], [281.11700439453125, 155.2938995361328], [388.89581298828125, 94.93510437011719], [500.1625671386719, 247.63497924804688]]"
517,17.250583917250584,1,found,28,22,37,1.2172610759735107,71.54670300224097,"[[359.41168212890625, 315.14288330078125], [275.7708740234375, 153.9512481689453], [382.1451416015625, 93.07720947265625], [489.3747863769531, 244.32095336914062]]"
518,17.283950617283953,1,found,27,25,37,0.8612639904022217,70.20713100064313,"[[354.6293029785156, 317.20391845703125], [270.4134216308594, 155.33726501464844], [372.56011962890625, 96.1212158203125], [476.51129150390625, 242.57554626464844]]"
519,17.31731731731732,1,found,25,24,37,1.0137284994125366,73.09125299798325,"[[346.5791931152344, 314.78753662109375], [266.9882507324219, 157.8343963623047], [369.07537841796875, 93.29817199707031], [472.03509521484375, 242.25633239746094]]"
520,17.350684017350684,1,found,18,29,35,0.7530152201652527,70.09529600327369,"[[338.1409606933594, 317.99224853515625], [261.01141357421875, 159.83778381347656], [359.4085693359375, 97.6287841796875], [456.6335754394531, 243.0985870361328]]"
521,17.384050717384053,1,found,10,31,33,1.0838085412979126,69.76446499902522,"[[327.5528869628906, 322.7331237792969], [256.430419921875, 167.88743591308594], [350.0311279296875, 100.28282928466797], [449.4794921875, 246.27206420898438]]"
522,17.41741741741742,1,found,19,27,33,1.0403003692626953,71.9684209980187,"[[318.2637939453125, 329.9177551269531], [249.19009399414062, 175.06900024414062], [340.5306701660156, 108.19098663330078], [435.2297058105469, 249.4640350341797]]"
523,17.450784117450784,1,found,20,29,37,0.8582673072814941,79.47429800697137,"[[308.2990417480469, 335.59906005859375], [242.6815948486328, 183.4348602294922], [333.4595642089844, 114.67578125], [423.8416442871094, 258.1299743652344]]"
524,17.484150817484153,1,found,15,29,37,0.8404088616371155,73.63592700130539,"[[301.51080322265625, 341.69183349609375], [236.4163055419922, 188.08761596679688], [325.2969055175781, 124.79257202148438], [407.1058044433594, 265.1234130859375]]"
525,17.51751751751752,1,found,13,35,35,0.8932276368141174,70.48429799760925,"[[290.32537841796875, 346.7846374511719], [234.4055938720703, 201.1019744873047], [319.17633056640625, 127.28881072998047], [405.4433288574219, 275.6814880371094]]"
526,17.550884217550884,1,found,16,29,35,0.8698349595069885,66.78054400254041,"[[282.4211120605469, 357.3132629394531], [226.8058319091797, 209.7145233154297], [310.7408447265625, 140.44512939453125], [389.5746765136719, 283.4236145019531]]"
527,17.584250917584253,1,found,20,29,35,0.8185536861419678,79.96173499850556,"[[279.3890686035156, 366.01409912109375], [223.8396453857422, 216.408447265625], [304.7411193847656, 152.65509033203125], [379.38543701171875, 288.1631774902344]]"
528,17.61761761761762,1,found,23,27,37,0.7594377398490906,83.61110799887683,"[[275.2733459472656, 370.25152587890625], [220.3820037841797, 221.80470275878906], [301.5582580566406, 159.89373779296875], [371.1289978027344, 292.3199462890625]]"
529,17.650984317650984,1,found,20,24,36,0.7829999923706055,80.82774200011045,"[[270.9495849609375, 369.8544921875], [218.0749053955078, 224.4186248779297], [295.1266174316406, 164.32809448242188], [364.2158203125, 295.7010498046875]]"
530,17.684351017684353,1,found,24,27,32,0.7828127145767212,78.64143799815793,"[[265.83905029296875, 360.6623229980469], [210.3016815185547, 226.28001403808594], [288.79718017578125, 169.57997131347656], [338.4855041503906, 283.20233154296875]]"
531,17.71771771771772,1,found,19,23,31,0.7835037708282471,73.88152600469766,"[[264.411865234375, 359.0428466796875], [208.4622344970703, 226.9698486328125], [284.82757568359375, 174.0950469970703], [327.8216247558594, 277.0842590332031]]"
532,17.751084417751084,1,found,23,25,33,0.7225070595741272,74.31066799472319,"[[264.4827575683594, 373.2579040527344], [214.68846130371094, 226.45042419433594], [285.5938415527344, 170.15310668945312], [352.4684143066406, 297.7882080078125]]"
533,17.784451117784453,1,found,25,24,33,0.7991751432418823,84.74657300394028,"[[263.1849365234375, 371.0379638671875], [213.92588806152344, 226.44107055664062], [284.7378845214844, 169.7893524169922], [349.87213134765625, 295.773681640625]]"
534,17.81781781781782,1,found,27,22,35,0.8064116835594177,88.99156400002539,"[[263.6938171386719, 367.8142395019531], [214.8693389892578, 225.64524841308594], [284.947265625, 167.958740234375], [349.65093994140625, 293.708251953125]]"
535,17.851184517851184,1,found,27,25,36,0.9268249273300171,92.4548449984286,"[[265.01898193359375, 360.2111511230469], [217.17086791992188, 224.5531768798828], [286.9286804199219, 164.2946014404297], [351.1721496582031, 291.43389892578125]]"
536,17.884551217884553,1,found,22,25,36,0.7567000985145569,90.37887200247496,"[[267.6784973144531, 356.25], [219.5696563720703, 221.54127502441406], [288.1637268066406, 162.30682373046875], [351.02288818359375, 287.6698913574219]]"
537,17.91791791791792,1,found,23,31,33,0.9323040843009949,80.08474800590193,"[[267.3885192871094, 348.15460205078125], [221.3785858154297, 217.98423767089844], [289.7668151855469, 159.06356811523438], [341.2768859863281, 276.89190673828125]]"
538,17.951284617951284,1,found,25,24,32,0.9108156561851501,79.74030299374135,"[[271.94342041015625, 345.6917419433594], [225.234619140625, 212.5531005859375], [291.79986572265625, 154.00709533691406], [352.0184631347656, 276.4295349121094]]"
539,17.984651317984653,1,found,18,23,35,0.8725236654281616,86.50213899818482,"[[273.4234924316406, 342.1521911621094], [225.78672790527344, 208.56390380859375], [294.233154296875, 150.72842407226562], [352.03240966796875, 270.37322998046875]]"
540,18.01801801801802,1,found,24,24,35,0.9322880506515503,93.22208999947179,"[[272.8132019042969, 335.76922607421875], [229.1944580078125, 206.91192626953125], [295.8110046386719, 144.82814025878906], [354.9972839355469, 273.4563293457031]]"
541,18.051384718051384,1,found,16,25,34,0.9525509476661682,91.20013900246704,"[[274.4152526855469, 335.13818359375], [230.9158935546875, 204.8955841064453], [296.2896728515625, 143.594970703125], [356.4147033691406, 269.0583801269531]]"
542,18.084751418084753,1,found,16,26,34,0.953833281993866,93.13482900324743,"[[277.10101318359375, 332.7669677734375], [232.7969970703125, 201.53273010253906], [297.8983154296875, 142.01675415039062], [356.2554016113281, 264.6974182128906]]"
543,18.11811811811812,1,found,21,27,35,0.9412062168121338,90.7444080003188,"[[278.059814453125, 330.3544616699219], [233.04730224609375, 201.0222930908203], [298.7149658203125, 142.10604858398438], [354.2554626464844, 262.6684265136719]]"
544,18.151484818151484,1,found,17,27,34,0.947456955909729,88.93708200048422,"[[277.8083801269531, 334.0862121582031], [234.91444396972656, 201.74502563476562], [299.409423828125, 142.90826416015625], [357.67626953125, 262.44635009765625]]"
545,18.184851518184853,1,found,18,24,33,0.8215371370315552,88.85185600229306,"[[279.3274841308594, 330.4674072265625], [236.69100952148438, 199.69677734375], [302.339599609375, 139.48953247070312], [360.9138488769531, 264.7137756347656]]"
546,18.21821821821822,1,found,18,26,31,0.8444647192955017,79.4666479996522,"[[280.3312683105469, 322.28704833984375], [236.01011657714844, 199.10888671875], [303.4750671386719, 140.2904510498047], [349.1925964355469, 254.810546875]]"
547,18.251584918251584,1,found,26,26,31,0.882289469242096,74.75776800129097,"[[280.37078857421875, 337.5592346191406], [240.9691619873047, 198.3650360107422], [305.89544677734375, 140.20106506347656], [364.1374816894531, 267.6961975097656]]"
548,18.284951618284953,1,found,22,22,32,0.8584227561950684,86.5863939980045,"[[283.718017578125, 325.5987548828125], [241.20004272460938, 198.147216796875], [308.3666076660156, 138.6955108642578], [361.044189453125, 263.8286437988281]]"
549,18.31831831831832,1,found,18,21,32,0.8699302673339844,80.08755899936659,"[[285.7839050292969, 331.8703308105469], [241.88502502441406, 199.50970458984375], [308.69952392578125, 143.26596069335938], [357.9222412109375, 259.07025146484375]]"
550,18.351685018351684,1,found,23,20,33,0.8996545672416687,74.57781100674765,"[[286.78509521484375, 334.0216369628906], [246.46481323242188, 199.72964477539062], [311.61376953125, 142.5074462890625], [367.77447509765625, 270.0835876464844]]"
551,18.385051718385053,1,found,23,23,33,0.9272044897079468,74.40011399739888,"[[285.9635009765625, 336.27874755859375], [248.72352600097656, 201.15965270996094], [314.8244323730469, 142.4864501953125], [369.0943603515625, 272.9709167480469]]"
552,18.41841841841842,1,found,20,24,33,0.897799551486969,77.12302900472423,"[[288.79339599609375, 339.2651672363281], [249.7126007080078, 202.85992431640625], [315.4493103027344, 146.42276000976562], [368.8307800292969, 272.6407470703125]]"
553,18.451785118451784,1,found,26,23,34,0.8685907125473022,74.07363100355724,"[[289.2884521484375, 341.544189453125], [252.14215087890625, 204.8964080810547], [317.3860778808594, 147.67788696289062], [373.3861389160156, 278.8254699707031]]"
554,18.485151818485154,1,found,22,27,34,0.8860571384429932,85.71146900067106,"[[289.6598815917969, 342.6793212890625], [253.61341857910156, 207.97381591796875], [319.0708923339844, 148.6416778564453], [376.427001953125, 280.7552795410156]]"
555,18.51851851851852,1,found,19,26,33,0.7437470555305481,84.6127710028668,"[[289.19171142578125, 347.8317565917969], [253.52024841308594, 210.60800170898438], [319.545654296875, 152.92572021484375], [374.25030517578125, 280.54248046875]]"
556,18.551885218551885,1,found,17,29,33,0.8965041041374207,85.2081699995324,"[[289.5448303222656, 347.8193664550781], [254.1616668701172, 211.0614471435547], [319.59063720703125, 154.44471740722656], [373.45849609375, 286.7835693359375]]"
557,18.585251918585254,1,found,19,26,33,0.9291548132896423,86.23342200007755,"[[288.6601257324219, 348.4273376464844], [253.34201049804688, 212.54747009277344], [319.845703125, 156.52294921875], [370.634033203125, 288.53253173828125]]"
