frame,time_s,found,reason,matches,flow_points,inliers,median_error_px,processing_ms,corners
0,0.0,1,found,847,0,732,0.0,73.56791799975326,"[[-2.0444442495138942e-15, -3.577248157524311e-14], [639.0, 2.7893289620325307e-14], [639.0, 359.0], [-3.301858434020741e-14, 359.0]]"
1,0.033366700033366704,1,found,610,146,698,0.22042453289031982,88.82149199780542,"[[1.5337411165237427, 0.08265846222639084], [638.7985229492188, 0.3052511215209961], [638.8678588867188, 358.1139221191406], [1.9121854305267334, 358.2298583984375]]"
2,0.06673340006673341,1,found,533,175,653,0.31356072425842285,86.1649069993291,"[[3.4293389320373535, 0.44543129205703735], [638.3926391601562, 0.29008153080940247], [637.9196166992188, 356.1446228027344], [4.672390460968018, 356.5639953613281]]"
3,0.1001001001001001,1,found,481,193,633,0.36244839429855347,83.68897299806122,"[[6.295467376708984, 0.7624289393424988], [637.0206298828125, 0.3688580095767975], [636.978515625, 353.23541259765625], [8.44529914855957, 353.89306640625]]"
4,0.13346680013346682,1,found,478,186,617,0.35772567987442017,85.39818700228352,"[[9.154057502746582, 0.8818095326423645], [635.3753662109375, -0.0002787585835903883], [635.7239379882812, 350.18804931640625], [11.351641654968262, 351.970947265625]]"
5,0.16683350016683351,1,found,437,191,590,0.4121389389038086,85.03689599456266,"[[11.441910743713379, 0.9162517786026001], [633.5098266601562, -0.5426700711250305], [634.1258544921875, 347.2625732421875], [13.665569305419922, 349.84393310546875]]"
6,0.2002002002002002,1,found,434,198,591,0.4012467563152313,85.12482100195484,"[[11.919252395629883, 1.331794261932373], [630.4453125, -0.3702296018600464], [630.9898681640625, 344.8814392089844], [14.309879302978516, 348.9414367675781]]"
7,0.2335669002335669,1,found,416,203,578,0.45936107635498047,86.05795599578414,"[[12.899201393127441, 2.6097726821899414], [625.8814086914062, -0.2712031900882721], [627.8353271484375, 342.44561767578125], [15.609907150268555, 347.9136657714844]]"
8,0.26693360026693363,1,found,380,221,567,0.4393628239631653,81.98806799919112,"[[13.709264755249023, 3.975240707397461], [621.3265380859375, 0.5847315192222595], [623.870361328125, 339.52099609375], [18.030181884765625, 346.7149963378906]]"
9,0.3003003003003003,1,found,346,243,552,0.5174246430397034,78.32847999816295,"[[16.300678253173828, 6.125998497009277], [617.4638671875, 1.5782653093338013], [621.3040771484375, 337.239990234375], [22.553634643554688, 345.436279296875]]"
10,0.33366700033366703,0,few_matches,4,0,0,,67.47812800313113,
11,0.3670337003670337,0,few_matches,4,0,0,,30.201459005184006,
12,0.4004004004004004,0,few_matches,4,0,0,,28.612725000130013,
13,0.4337671004337671,0,few_matches,5,0,0,,29.39193900238024,
14,0.4671338004671338,0,few_matches,5,0,0,,29.614746999868657,
15,0.5005005005005005,0,few_matches,5,0,0,,29.705982000450604,
16,0.5338672005338673,0,few_matches,3,0,0,,29.738302000623662,
17,0.5672339005672339,0,few_matches,2,0,0,,30.07698099827394,
18,0.6006006006006006,0,few_matches,6,0,0,,29.853191997972317,
19,0.6339673006339673,0,few_matches,3,0,0,,29.399942999589257,
20,0.6673340006673341,0,few_matches,4,0,0,,29.856178000045475,
21,0.7007007007007007,0,few_matches,4,0,0,,29.91442399797961,
22,0.7340674007340674,0,few_matches,6,0,0,,29.588518002128694,
23,0.7674341007674341,0,few_matches,6,0,0,,30.813277000561357,
24,0.8008008008008008,0,few_matches,6,0,0,,28.96741300355643,
25,0.8341675008341676,0,few_matches,5,0,0,,28.931567001563963,
26,0.8675342008675342,0,few_matches,6,0,0,,29.605478994199075,
27,0.9009009009009009,0,few_matches,6,0,0,,29.62097999989055,
28,0.9342676009342676,0,few_matches,6,0,0,,30.00991699809674,
29,0.9676343009676344,1,found,228,0,197,0.6025137305259705,66.18688700109487,"[[126.01690673828125, 38.798500061035156], [597.0765991210938, 8.962690353393555], [615.0680541992188, 277.2121887207031], [141.8975830078125, 301.9166564941406]]"
30,1.001001001001001,1,found,219,74,262,0.601585865020752,71.08256500214338,"[[128.62095642089844, 41.131954193115234], [592.2744140625, 9.958639144897461], [612.34423828125, 275.174560546875], [144.11294555664062, 301.7303161621094]]"
31,1.0343677010343677,1,found,200,101,274,0.6485069990158081,72.42149300145684,"[[129.50355529785156, 43.868106842041016], [587.6134643554688, 10.70603084564209], [607.2754516601562, 271.9014892578125], [146.62786865234375, 300.7619934082031]]"
32,1.0677344010677345,1,found,180,126,279,0.6612964868545532,74.94094900175696,"[[130.3504180908203, 46.5877685546875], [581.8114624023438, 11.803349494934082], [602.9078369140625, 268.94384765625], [148.2923126220703, 299.8876037597656]]"
33,1.1011011011011012,1,found,192,121,287,0.6997421383857727,84.77478499844437,"[[129.4259490966797, 50.3709602355957], [574.3355102539062, 13.025810241699219], [597.4801635742188, 266.0276184082031], [148.68862915039062, 300.52813720703125]]"
34,1.1344678011344678,1,found,152,163,296,0.7014358043670654,90.85005999804707,"[[129.1893310546875, 53.001766204833984], [567.6124267578125, 13.53183364868164], [592.4840087890625, 262.3902282714844], [149.63006591796875, 299.9931335449219]]"
35,1.1678345011678346,1,found,146,170,295,0.7881592512130737,78.98309799929848,"[[129.40042114257812, 55.07160186767578], [562.27099609375, 12.956225395202637], [588.0794067382812, 258.97900390625], [152.74423217773438, 298.3995361328125]]"
36,1.2012012012012012,1,found,156,176,303,0.706863284111023,80.83050499408273,"[[127.08021545410156, 57.13538360595703], [554.3489990234375, 13.772563934326172], [582.3080444335938, 255.2611083984375], [150.51959228515625, 299.26806640625]]"
37,1.234567901234568,1,found,141,177,293,0.7693793773651123,82.16393099428387,"[[125.00262451171875, 60.11888885498047], [546.912109375, 12.786946296691895], [575.6439819335938, 250.84339904785156], [152.52462768554688, 298.08868408203125]]"
38,1.2679346012679347,1,found,140,181,301,0.7726694941520691,80.49101399956271,"[[124.01012420654297, 62.96192169189453], [538.9736938476562, 13.020548820495605], [571.9361572265625, 246.99697875976562], [151.8164825439453, 299.2370910644531]]"
39,1.3013013013013013,1,found,125,197,301,0.9211757779121399,79.75357599934796,"[[124.46989440917969, 66.28524017333984], [532.9488525390625, 13.494630813598633], [567.3302612304688, 244.5440216064453], [155.3360595703125, 297.136962890625]]"
40,1.3346680013346681,1,found,139,179,293,0.8088052272796631,82.54419000149937,"[[122.20249938964844, 71.59133911132812], [524.782958984375, 15.23393440246582], [562.7646484375, 243.00254821777344], [153.81663513183594, 302.7984924316406]]"
41,1.3680347013680347,1,found,134,180,294,0.8125336170196533,78.02766200620681,"[[122.62918853759766, 77.18083953857422], [519.5531616210938, 17.70085906982422], [558.7836303710938, 241.80935668945312], [156.7256317138672, 303.69158935546875]]"
42,1.4014014014014013,1,found,153,176,296,0.779043436050415,81.82844099792419,"[[123.00076293945312, 81.79313659667969], [514.077392578125, 20.833250045776367], [555.9425048828125, 240.68792724609375], [158.5279541015625, 306.44854736328125]]"
43,1.4347681014347682,1,found,134,182,293,0.810363233089447,80.83893199363956,"[[124.33356475830078, 85.34791564941406], [510.5682067871094, 22.394359588623047], [553.2000732421875, 238.58338928222656], [162.27601623535156, 306.3218078613281]]"
44,1.4681348014681348,1,found,126,186,289,0.8960591554641724,85.84368100127904,"[[127.46037292480469, 88.91598510742188], [507.1421813964844, 22.970361709594727], [551.4713134765625, 236.26922607421875], [165.96176147460938, 307.0974426269531]]"
45,1.5015015015015016,1,found,127,185,289,0.8503009676933289,82.94799799477914,"[[128.808349609375, 91.47296905517578], [503.3468017578125, 23.553068161010742], [549.3482055664062, 233.90892028808594], [168.90084838867188, 306.61968994140625]]"
46,1.5348682015348682,1,found,124,190,282,0.7766968011856079,86.78985099686543,"[[127.99778747558594, 92.13578796386719], [499.42333984375, 23.873111724853516], [546.447509765625, 230.06936645507812], [170.095703125, 306.1775817871094]]"
47,1.5682349015682349,1,found,117,183,274,0.8808350563049316,79.74584399926243,"[[132.33517456054688, 93.52562713623047], [496.6083068847656, 21.850433349609375], [546.434326171875, 227.27183532714844], [172.91351318359375, 304.2731018066406]]"
48,1.6016016016016017,1,found,123,174,278,0.8536539077758789,80.0011910032481,"[[133.13229370117188, 93.70759582519531], [493.6547546386719, 21.47881317138672], [542.6517944335938, 222.4707794189453], [174.75433349609375, 299.52337646484375]]"
49,1.6349683016349683,1,found,128,172,277,0.8364522457122803,76.43919800466392,"[[134.12750244140625, 93.86279296875], [490.1764831542969, 19.703144073486328], [539.6399536132812, 218.03660583496094], [177.95628356933594, 297.8406677246094]]"
50,1.6683350016683351,1,found,112,184,277,0.867556095123291,89.46064500196371,"[[132.7504119873047, 95.28533935546875], [485.296630859375, 18.447418212890625], [537.0172119140625, 213.0362091064453], [180.43560791015625, 297.4366760253906]]"
51,1.7017017017017018,1,found,94,194,275,0.914628267288208,84.40686500398442,"[[134.72958374023438, 98.69417572021484], [478.7021484375, 16.396949768066406], [534.9721069335938, 208.54026794433594], [181.94065856933594, 297.754638671875]]"
52,1.7350684017350684,1,found,102,190,269,0.9746118783950806,88.58370900270529,"[[130.70675659179688, 102.82298278808594], [470.6951904296875, 14.81682300567627], [528.3368530273438, 202.61172485351562], [184.9427490234375, 299.3372497558594]]"
53,1.7684351017684352,1,found,97,200,271,0.9622909426689148,80.78405400010524,"[[130.9657745361328, 109.94932556152344], [462.0511474609375, 15.47048282623291], [523.93701171875, 199.23660278320312], [186.53765869140625, 303.04449462890625]]"
54,1.8018018018018018,1,found,92,201,262,0.9811835289001465,76.07582499622367,"[[127.13105010986328, 118.10321044921875], [453.6075134277344, 18.201875686645508], [517.4797973632812, 197.0063934326172], [188.9329376220703, 308.2993469238281]]"
55,1.8351685018351687,1,found,84,190,256,1.0582959651947021,79.43431599414907,"[[127.76091766357422, 126.0458755493164], [445.28656005859375, 21.84061622619629], [512.7587890625, 195.81398010253906], [191.6193084716797, 311.8187561035156]]"
56,1.8685352018685353,1,found,70,196,243,1.0682345628738403,77.59334900038084,"[[127.59576416015625, 135.41212463378906], [435.6746520996094, 27.486309051513672], [507.34210205078125, 195.68472290039062], [194.1106414794922, 319.6709899902344]]"
57,1.901901901901902,1,found,83,185,235,1.1974197626113892,77.24254799541086,"[[130.00167846679688, 142.85247802734375], [429.7606506347656, 30.083118438720703], [503.4219665527344, 194.92404174804688], [201.6052703857422, 317.4632263183594]]"
58,1.9352686019352687,1,found,76,178,229,1.2389564514160156,85.72249399730936,"[[128.8071746826172, 150.31407165527344], [423.8324890136719, 33.57030487060547], [497.21807861328125, 193.45077514648438], [204.40847778320312, 320.87139892578125]]"
59,1.9686353019686353,1,found,73,172,225,1.1176661252975464,80.67462400504155,"[[127.10285949707031, 155.7476348876953], [416.1160888671875, 37.25908279418945], [492.8939514160156, 192.9329071044922], [200.53948974609375, 328.4375305175781]]"
60,2.002002002002002,1,found,83,162,224,1.118850588798523,83.02192600240232,"[[128.9224395751953, 161.76837158203125], [412.3379821777344, 38.854644775390625], [488.707763671875, 191.72329711914062], [206.04617309570312, 325.0882568359375]]"
61,2.0353687020353686,1,found,82,155,217,1.0715187788009644,83.43852800317109,"[[130.96951293945312, 166.94088745117188], [406.3717956542969, 42.01912307739258], [487.9448547363281, 191.273193359375], [208.60108947753906, 328.7178649902344]]"
62,2.0687354020687354,1,found,78,152,209,1.0288236141204834,85.3511149980477,"[[134.09979248046875, 171.52752685546875], [403.15936279296875, 44.045501708984375], [485.4723205566406, 190.00160217285156], [214.38893127441406, 330.9446105957031]]"
63,2.1021021021021022,1,found,72,154,205,1.046077847480774,81.38628499727929,"[[136.05905151367188, 174.85455322265625], [402.4288024902344, 46.711082458496094], [486.0963134765625, 188.66384887695312], [217.34388732910156, 334.72698974609375]]"
64,2.135468802135469,1,found,70,154,189,0.8785777688026428,77.65690200176323,"[[146.1732177734375, 178.4961700439453], [402.0437316894531, 49.42797088623047], [492.6923522949219, 188.46408081054688], [224.36669921875, 334.7555236816406]]"
65,2.1688355021688355,1,found,62,144,192,0.8851988315582275,84.3597650018637,"[[149.09226989746094, 182.27371215820312], [401.6835632324219, 51.0467414855957], [490.1675109863281, 186.34658813476562], [229.99148559570312, 334.1172790527344]]"
66,2.2022022022022023,1,found,71,140,195,0.9867919087409973,84.89728799759177,"[[152.2616729736328, 183.4821319580078], [399.4308776855469, 51.77111053466797], [491.6991882324219, 185.50155639648438], [234.49725341796875, 333.81964111328125]]"
67,2.235568902235569,1,found,86,133,197,0.9175575971603394,87.55509900220204,"[[152.96522521972656, 186.44393920898438], [397.3238525390625, 51.59660339355469], [487.7579345703125, 181.4615478515625], [237.78981018066406, 332.33990478515625]]"
68,2.2689356022689355,1,found,78,137,194,0.9517943859100342,80.40669600450201,"[[153.51766967773438, 188.89266967773438], [393.60076904296875, 51.66960906982422], [484.4145202636719, 178.32635498046875], [239.4932098388672, 332.4499206542969]]"
69,2.3023023023023024,1,found,74,139,189,1.0066028833389282,78.96835500287125,"[[155.82801818847656, 191.18276977539062], [389.0053405761719, 51.39774703979492], [483.839599609375, 176.58163452148438], [240.29351806640625, 333.8207092285156]]"
70,2.335669002335669,1,found,80,131,189,0.9779312014579773,75.70291400043061,"[[153.2809600830078, 194.49932861328125], [384.37200927734375, 52.757564544677734], [477.3686828613281, 173.82623291015625], [243.26617431640625, 331.9305114746094]]"
71,2.3690357023690356,1,found,71,135,188,0.9646721482276917,77.89895000314573,"[[152.7364501953125, 196.7586212158203], [381.1117858886719, 51.64817428588867], [473.6224670410156, 171.6195831298828], [245.19993591308594, 328.9314880371094]]"
72,2.4024024024024024,1,found,77,134,184,0.8935130834579468,86.58023599855369,"[[153.956787109375, 198.26625061035156], [376.9092712402344, 53.36277770996094], [471.3653869628906, 168.49127197265625], [244.5875244140625, 329.2412109375]]"
73,2.4357691024357693,1,found,77,126,180,0.9318151473999023,80.19101100217085,"[[153.4539337158203, 200.9589080810547], [371.6326904296875, 54.04096221923828], [467.57666015625, 167.1060791015625], [247.59805297851562, 330.51812744140625]]"
74,2.469135802469136,1,found,65,131,178,0.9845784902572632,80.953545999364,"[[154.260498046875, 202.56788635253906], [367.0872497558594, 55.44578552246094], [465.0330505371094, 164.41029357910156], [247.9616241455078, 332.9277648925781]]"
75,2.5025025025025025,1,found,65,130,176,0.9744551181793213,81.95569799863733,"[[153.38050842285156, 204.3187713623047], [363.6676330566406, 55.08592987060547], [462.1624450683594, 162.28939819335938], [250.5234375, 329.55609130859375]]"
76,2.5358692025358693,1,found,62,125,166,0.983643651008606,80.52530100394506,"[[156.1323699951172, 206.07354736328125], [359.6490478515625, 56.482181549072266], [462.1249694824219, 160.66368103027344], [251.06089782714844, 332.4127502441406]]"
77,2.569235902569236,1,found,65,123,165,0.9025662541389465,78.58694899914553,"[[155.17373657226562, 209.288330078125], [356.4974060058594, 57.539859771728516], [455.1894836425781, 159.18980407714844], [250.46958923339844, 328.3795471191406]]"
78,2.6026026026026026,1,found,70,108,164,0.9286868572235107,75.64500900480198,"[[153.1868133544922, 212.10215759277344], [351.4609069824219, 59.01458740234375], [450.74713134765625, 157.6393280029297], [251.2817840576172, 329.8885498046875]]"
79,2.6359693026359694,1,found,68,113,162,1.0215909481048584,77.66675700258929,"[[154.2489776611328, 212.8899383544922], [346.4883728027344, 60.01778793334961], [450.6318054199219, 156.6490936279297], [249.36447143554688, 333.2008361816406]]"
80,2.6693360026693362,1,found,64,120,165,0.9499842524528503,78.43248599965591,"[[152.27719116210938, 214.8024139404297], [341.5119934082031, 60.3128547668457], [445.7855224609375, 154.50662231445312], [252.8355712890625, 330.2045593261719]]"
81,2.7027027027027026,1,found,58,121,155,0.9643359184265137,72.53904700337444,"[[149.84518432617188, 218.75303649902344], [337.6070251464844, 60.78794479370117], [440.1679992675781, 154.35821533203125], [253.60382080078125, 329.3922119140625]]"
82,2.7360694027360695,1,found,55,113,151,1.0646235942840576,70.04198000504402,"[[149.5099639892578, 226.28761291503906], [333.4740295410156, 65.6761245727539], [434.5926818847656, 157.18373107910156], [254.46852111816406, 332.6056823730469]]"
83,2.7694361027694363,1,found,48,111,148,1.0855934619903564,68.33116100460757,"[[147.73785400390625, 232.3322296142578], [328.51776123046875, 71.18974304199219], [430.9232177734375, 158.30873107910156], [254.643310546875, 339.2440490722656]]"
84,2.8028028028028027,1,found,59,103,150,1.0356955528259277,83.71125200210372,"[[151.0762939453125, 236.60702514648438], [325.6062316894531, 75.76593017578125], [429.2852783203125, 159.874755859375], [257.7001647949219, 340.7895202636719]]"
85,2.8361695028361695,1,found,60,106,144,0.9588723182678223,74.85595499747433,"[[153.59136962890625, 241.94973754882812], [324.83642578125, 79.71440124511719], [429.1946105957031, 161.67041015625], [262.6806640625, 343.1155090332031]]"
86,2.8695362028695364,1,found,47,107,135,0.9088300466537476,69.64114699803758,"[[156.23345947265625, 248.90440368652344], [324.65643310546875, 84.92122650146484], [428.6566162109375, 164.44578552246094], [268.8338623046875, 346.63201904296875]]"
87,2.902902902902903,1,found,43,105,136,0.9155058264732361,63.030044999322854,"[[166.85780334472656, 252.64849853515625], [326.6207275390625, 88.822509765625], [432.493408203125, 166.21861267089844], [276.69195556640625, 345.60821533203125]]"
88,2.9362696029362696,1,found,47,103,137,0.9800601601600647,67.44806600181619,"[[171.43357849121094, 254.98275756835938], [329.5730895996094, 91.89706420898438], [434.55010986328125, 165.62371826171875], [284.0255126953125, 345.0072937011719]]"
89,2.9696363029696364,1,found,53,100,138,1.075295090675354,70.99236999783898,"[[180.90438842773438, 255.96987915039062], [332.49249267578125, 91.16170501708984], [437.2191467285156, 164.62635803222656], [293.270263671875, 340.4853820800781]]"
90,3.0030030030030033,1,found,52,103,132,0.9471334218978882,80.66662499913946,"[[185.06578063964844, 256.82098388671875], [334.4804382324219, 92.73815155029297], [440.1478576660156, 163.4352569580078], [297.5601806640625, 342.67303466796875]]"
91,3.0363697030363697,1,found,49,95,129,0.9250176548957825,75.59878499887418,"[[191.9408416748047, 257.43634033203125], [335.36639404296875, 94.48535919189453], [442.00531005859375, 162.34312438964844], [302.8507080078125, 341.5097961425781]]"
92,3.0697364030697365,1,found,49,93,131,0.9294150471687317,74.41754300089087,"[[198.03750610351562, 259.3986511230469], [336.33319091796875, 95.98560333251953], [442.2508850097656, 162.4147186279297], [307.7072448730469, 340.5229187011719]]"
93,3.1031031031031033,1,found,56,91,134,0.8649657368659973,75.96847099921433,"[[200.62413024902344, 261.2879333496094], [336.38446044921875, 97.92524719238281], [442.30938720703125, 162.12173461914062], [312.51678466796875, 340.34295654296875]]"
94,3.1364698031364697,1,found,45,99,132,0.9840083122253418,74.53014900238486,"[[207.75051879882812, 262.81219482421875], [337.3346252441406, 99.31687927246094], [443.5313720703125, 162.70260620117188], [317.5168762207031, 339.6086730957031]]"
95,3.1698365031698366,1,found,50,97,128,1.0306081771850586,71.49953600310255,"[[212.28529357910156, 266.5701904296875], [337.6778869628906, 103.55277252197266], [443.6802978515625, 164.82000732421875], [323.7845153808594, 338.3802185058594]]"
96,3.2032032032032034,1,found,46,92,125,1.0302685499191284,77.9524899990065,"[[217.6991424560547, 269.2747497558594], [339.7727966308594, 107.91706085205078], [445.9359436035156, 165.85369873046875], [327.9210205078125, 341.96600341796875]]"
97,3.2365699032365702,1,found,51,92,124,1.1101410388946533,78.77759899565717,"[[222.73741149902344, 269.50225830078125], [341.8969421386719, 111.52720642089844], [448.1397399902344, 167.4488983154297], [331.64337158203125, 339.6994323730469]]"
98,3.2699366032699366,1,found,47,92,122,0.9295258522033691,74.30741199641488,"[[225.6625213623047, 273.40081787109375], [342.31414794921875, 114.78009796142578], [445.9954833984375, 169.15513610839844], [335.5245361328125, 341.49365234375]]"
99,3.3033033033033035,1,found,46,87,119,0.8890246152877808,79.79835699370597,"[[228.94129943847656, 274.6715087890625], [342.40667724609375, 117.86103057861328], [446.7814636230469, 170.1404266357422], [338.96807861328125, 342.3096923828125]]"
100,3.3366700033366703,1,found,52,82,117,0.9123326539993286,77.00044899684144,"[[230.8171844482422, 277.138427734375], [342.5739440917969, 119.52213287353516], [444.5526123046875, 172.13143920898438], [340.77105712890625, 339.2485656738281]]"
101,3.3700367033700367,1,found,48,81,117,0.8781773447990417,79.61641399742803,"[[233.38580322265625, 279.16107177734375], [341.03826904296875, 124.71734619140625], [444.34283447265625, 173.53074645996094], [343.8834228515625, 343.34710693359375]]"
102,3.4034034034034035,1,found,38,89,114,0.9711934924125671,73.11324399779551,"[[234.76492309570312, 281.628662109375], [340.0739440917969, 129.20616149902344], [443.48077392578125, 175.5546417236328], [345.49169921875, 344.8785400390625]]"
103,3.4367701034367704,1,found,45,84,111,0.8510668277740479,78.13082799839322,"[[237.28721618652344, 285.2012023925781], [339.62738037109375, 133.73509216308594], [441.4093017578125, 178.36911010742188], [349.1668395996094, 346.1180114746094]]"
104,3.4701368034701368,1,found,40,79,109,0.8600689172744751,68.26657999772578,"[[240.86903381347656, 288.97021484375], [340.9453125, 139.5734100341797], [441.5634765625, 181.43023681640625], [352.2284240722656, 347.8495178222656]]"
105,3.5035035035035036,1,found,42,78,106,0.8834890723228455,67.75321100576548,"[[245.55804443359375, 291.1636047363281], [341.4453125, 142.82635498046875], [442.0184326171875, 184.48773193359375], [357.0754699707031, 346.4626159667969]]"
106,3.5368702035368704,1,found,42,77,106,0.9054958820343018,64.80339399422519,"[[250.99095153808594, 290.5980224609375], [343.62884521484375, 143.65538024902344], [444.7108459472656, 184.99020385742188], [360.4385986328125, 345.639892578125]]"
107,3.570236903570237,1,found,41,80,106,0.8369419574737549,66.83144400449237,"[[253.8060760498047, 290.2254333496094], [344.8238220214844, 145.11305236816406], [443.895263671875, 184.04563903808594], [362.91925048828125, 343.9315490722656]]"
108,3.6036036036036037,1,found,51,69,106,0.8359192609786987,70.8888980007032,"[[255.5531463623047, 289.9556884765625], [344.21905517578125, 147.21319580078125], [442.4410705566406, 183.84228515625], [364.9599914550781, 341.92919921875]]"
109,3.6369703036369705,1,found,50,73,106,0.9664973616600037,68.05564400565345,"[[257.41748046875, 288.3279113769531], [343.7171325683594, 146.90060424804688], [441.2038879394531, 182.53070068359375], [366.76312255859375, 335.7130432128906]]"
110,3.6703370036703373,1,found,45,72,106,0.964675784111023,67.58511299995007,"[[260.0572509765625, 286.2321472167969], [343.34613037109375, 146.869140625], [440.43499755859375, 181.07595825195312], [367.1622619628906, 334.2278747558594]]"
111,3.7037037037037037,1,found,40,82,110,0.9358464479446411,69.18435899569886,"[[261.7598571777344, 284.4416809082031], [342.17388916015625, 145.56443786621094], [439.33477783203125, 180.0751953125], [366.7504577636719, 331.146240234375]]"
112,3.7370704037370706,1,found,45,77,107,1.0820564031600952,70.27612599631539,"[[262.8606872558594, 283.1865539550781], [341.1127624511719, 147.4019012451172], [436.63165283203125, 179.61973571777344], [368.4420471191406, 323.7792663574219]]"
113,3.7704371037704374,1,found,41,72,104,0.9790940284729004,70.01260499964701,"[[264.2837829589844, 283.2636413574219], [341.5103454589844, 148.04586791992188], [436.1765441894531, 179.31173706054688], [369.7563171386719, 326.13323974609375]]"
114,3.803803803803804,1,found,44,77,108,0.9877098798751831,73.04694599588402,"[[265.5904235839844, 283.1166687011719], [341.7820739746094, 150.544677734375], [434.7952575683594, 179.73439025878906], [370.3127136230469, 326.3018798828125]]"
115,3.8371705038371706,1,found,38,81,105,1.0970714092254639,68.10764900001232,"[[265.83673095703125, 283.3238220214844], [340.0389404296875, 152.31092834472656], [432.7701416015625, 180.52418518066406], [370.0116271972656, 324.4663391113281]]"
116,3.8705372038705375,1,found,44,75,104,1.1169443130493164,66.88554900028976,"[[265.024658203125, 284.906982421875], [338.4476318359375, 153.00123596191406], [429.9075012207031, 182.16867065429688], [370.4789123535156, 321.855224609375]]"
117,3.903903903903904,1,found,46,74,104,0.9777230024337769,69.78096899547381,"[[265.2900695800781, 285.886474609375], [338.22967529296875, 156.95396423339844], [428.5034484863281, 184.5211181640625], [369.23333740234375, 325.49359130859375]]"
118,3.9372706039372707,1,found,30,78,102,0.9794490337371826,68.99810599861667,"[[266.1622314453125, 286.7802429199219], [336.48944091796875, 160.1402587890625], [426.47894287109375, 186.1701202392578], [367.93634033203125, 326.5185546875]]"
119,3.9706373039706375,1,found,32,84,101,1.0869265794754028,61.894958998891525,"[[262.61724853515625, 289.51934814453125], [334.3415222167969, 164.0023651123047], [422.3094787597656, 189.36431884765625], [365.9941101074219, 327.5804443359375]]"
120,4.004004004004004,1,found,36,76,100,0.8843250274658203,68.27424299990525,"[[261.8982238769531, 292.777587890625], [331.1212158203125, 166.29632568359375], [418.68853759765625, 193.74916076660156], [362.5821228027344, 327.9288330078125]]"
121,4.037370704037371,1,found,35,77,98,0.9832618236541748,71.54421599989291,"[[261.52496337890625, 294.0603942871094], [330.11651611328125, 169.93218994140625], [415.5954284667969, 195.67990112304688], [359.482177734375, 328.23583984375]]"
122,4.070737404070737,1,found,26,79,98,0.8823376297950745,70.84048799879383,"[[261.71734619140625, 293.0506286621094], [328.8515319824219, 170.39012145996094], [413.7839660644531, 196.19631958007812], [356.79156494140625, 328.1661682128906]]"
123,4.104104104104104,1,found,23,80,97,0.9751233458518982,72.15143700159388,"[[260.60723876953125, 292.6416015625], [326.6479187011719, 171.99685668945312], [412.1997375488281, 196.2476348876953], [357.2999572753906, 327.70361328125]]"
124,4.137470804137471,1,found,34,77,95,0.9063944816589355,73.08760000159964,"[[260.8457336425781, 292.6473083496094], [325.1215515136719, 171.65711975097656], [409.64935302734375, 197.0963134765625], [355.93585205078125, 325.07659912109375]]"
125,4.170837504170838,1,found,25,78,95,0.9265120625495911,71.33607500145445,"[[260.04229736328125, 291.8362731933594], [324.4023132324219, 172.78521728515625], [408.84173583984375, 198.3455352783203], [354.20361328125, 324.8842468261719]]"
126,4.2042042042042045,1,found,28,81,97,0.8599442839622498,71.90121900202939,"[[259.3148498535156, 292.1656188964844], [323.732421875, 175.25439453125], [406.8016357421875, 199.15928649902344], [354.5669860839844, 324.9161071777344]]"
127,4.237570904237571,1,found,26,78,96,0.870780348777771,72.04453099984676,"[[259.6976623535156, 291.38720703125], [323.241455078125, 176.3231964111328], [405.9989929199219, 199.44711303710938], [354.0265197753906, 324.0597229003906]]"
128,4.270937604270938,1,found,14,85,95,0.8480541110038757,71.0904559964547,"[[259.4035949707031, 289.5660705566406], [322.8641357421875, 175.8431396484375], [405.3005676269531, 198.85302734375], [353.54864501953125, 321.8853454589844]]"
129,4.3043043043043046,1,found,31,79,95,0.9882261157035828,71.39436199940974,"[[259.7718811035156, 286.5550231933594], [322.7685546875, 174.90682983398438], [404.0060729980469, 197.25137329101562], [353.27752685546875, 320.08099365234375]]"
130,4.337671004337671,1,found,23,84,96,1.0824055671691895,69.3305530003272,"[[261.5856018066406, 283.939697265625], [322.9554748535156, 175.6710968017578], [405.23101806640625, 196.34970092773438], [351.9908447265625, 316.81903076171875]]"
131,4.371037704371038,1,found,18,85,92,0.9913545846939087,67.77109900576761,"[[259.8065490722656, 284.00042724609375], [322.36871337890625, 174.4549560546875], [402.8701477050781, 197.3065948486328], [352.8552551269531, 313.8833923339844]]"
132,4.404404404404405,1,found,26,80,93,1.008639931678772,69.70331599586643,"[[260.99627685546875, 282.5929870605469], [323.65972900390625, 173.1846160888672], [401.810546875, 196.3519744873047], [351.082275390625, 307.9991455078125]]"
133,4.437771104437771,1,found,26,83,93,0.9529868364334106,66.40986900310963,"[[262.88427734375, 279.41400146484375], [324.5361633300781, 173.06492614746094], [402.4983215332031, 194.97116088867188], [352.4335021972656, 306.3291320800781]]"
134,4.471137804471138,1,found,22,80,92,1.0752184391021729,61.350167998170946,"[[264.973876953125, 275.4872741699219], [325.81549072265625, 171.60687255859375], [404.2953796386719, 193.5288848876953], [355.21856689453125, 305.0772399902344]]"
135,4.504504504504505,1,found,17,85,89,1.0318049192428589,65.15942999976687,"[[265.414306640625, 273.29364013671875], [327.3471984863281, 168.90185546875], [404.3520812988281, 191.88824462890625], [355.3043212890625, 297.37530517578125]]"
136,4.537871204537871,1,found,16,82,88,1.0105568170547485,68.83259299502242,"[[267.1579895019531, 269.4552307128906], [328.42950439453125, 167.85728454589844], [405.0599670410156, 189.91165161132812], [356.932861328125, 296.19488525390625]]"
137,4.571237904571238,1,found,19,83,88,1.0625276565551758,69.32854000478983,"[[268.7939147949219, 266.09368896484375], [329.4379577636719, 166.05038452148438], [404.0552062988281, 187.6560516357422], [354.66644287109375, 292.1698913574219]]"
138,4.604604604604605,1,found,23,79,87,1.1301660537719727,74.94103100179927,"[[270.5677185058594, 262.1658020019531], [327.1832580566406, 164.56707763671875], [404.7592468261719, 185.81201171875], [354.4008483886719, 290.314697265625]]"
139,4.637971304637971,1,found,25,77,83,1.051651954650879,77.04013399779797,"[[266.33489990234375, 262.33050537109375], [326.19842529296875, 164.6011505126953], [400.2887878417969, 185.64337158203125], [352.267578125, 287.31976318359375]]"
140,4.671338004671338,1,found,24,73,82,1.1003133058547974,81.30326600075932,"[[266.5182189941406, 260.8550109863281], [324.98992919921875, 164.9266357421875], [398.3373107910156, 185.31341552734375], [350.69573974609375, 286.2642822265625]]"
141,4.704704704704705,1,found,21,73,75,1.0113537311553955,87.3605199958547,"[[268.5026550292969, 257.7320251464844], [322.57861328125, 163.03208923339844], [397.0287170410156, 185.2627716064453], [349.4595642089844, 277.197998046875]]"
142,4.738071404738071,1,found,18,66,75,1.0198397636413574,77.48313400225015,"[[267.8620910644531, 257.5822448730469], [323.00390625, 164.57362365722656], [397.1816101074219, 184.5133819580078], [349.160400390625, 281.3151550292969]]"
143,4.7714381047714385,1,found,13,68,74,1.0336707830429077,73.52068299951497,"[[269.5008850097656, 256.8624267578125], [322.9034423828125, 164.07830810546875], [395.6195983886719, 185.0277862548828], [348.8908386230469, 278.3420715332031]]"
144,4.804804804804805,1,found,15,70,69,0.9881103038787842,70.94895299815107,"[[267.4320068359375, 255.96681213378906], [322.16326904296875, 162.47959899902344], [394.85357666015625, 185.82350158691406], [350.3496398925781, 271.4501953125]]"
145,4.838171504838171,1,found,24,60,65,0.8676193952560425,71.29815399821382,"[[273.9094543457031, 251.80589294433594], [323.3150634765625, 161.62924194335938], [396.0273132324219, 185.03265380859375], [350.9763488769531, 266.6295471191406]]"
146,4.8715382048715385,1,found,23,56,65,0.9530249238014221,74.52078299684217,"[[274.62481689453125, 250.8563232421875], [325.0373229980469, 162.07089233398438], [397.07733154296875, 184.1739501953125], [352.4132080078125, 267.63104248046875]]"
147,4.904904904904905,1,found,19,57,65,0.9883198738098145,71.24712000222644,"[[276.201416015625, 248.79428100585938], [326.3887634277344, 161.68795776367188], [398.023681640625, 183.08642578125], [353.1651916503906, 267.1602478027344]]"
148,4.938271604938272,1,found,17,59,65,0.8769462704658508,68.83182900492102,"[[279.1518859863281, 247.5399627685547], [327.4692077636719, 159.60467529296875], [398.1666259765625, 182.0439453125], [355.7497253417969, 263.1008605957031]]"
149,4.971638304971639,1,found,23,56,64,1.1299879550933838,64.22191200545058,"[[280.5683288574219, 244.3710479736328], [330.3600158691406, 161.36199951171875], [401.412109375, 180.74005126953125], [358.304443359375, 263.9200744628906]]"
150,5.005005005005005,1,found,21,58,61,1.0678054094314575,69.10705300106201,"[[277.651123046875, 246.78700256347656], [335.24310302734375, 159.807373046875], [402.3709411621094, 179.1807861328125], [358.5926208496094, 272.9645080566406]]"
151,5.038371705038372,1,found,12,57,59,1.0086196660995483,69.083710994164,"[[291.6575927734375, 235.93264770507812], [332.80010986328125, 155.24258422851562], [404.23388671875, 177.19166564941406], [362.731201171875, 250.09239196777344]]"
152,5.071738405071739,1,found,16,54,58,1.0116713047027588,62.502904002030846,"[[291.4161071777344, 233.9476318359375], [335.0231018066406, 152.63653564453125], [405.1147766113281, 175.7423095703125], [362.4173889160156, 246.17665100097656]]"
153,5.105105105105105,1,found,15,55,59,1.0281118154525757,63.38278500334127,"[[290.1818542480469, 232.5633544921875], [338.6158142089844, 153.70797729492188], [406.67230224609375, 173.59564208984375], [362.6025695800781, 249.2305908203125]]"
154,5.138471805138472,1,found,18,57,59,0.9267866015434265,63.20514999970328,"[[291.9528503417969, 230.27487182617188], [338.11798095703125, 150.874755859375], [406.9126281738281, 172.53260803222656], [364.3709411621094, 246.24537658691406]]"
155,5.171838505171839,1,found,21,56,57,1.055287480354309,65.2235949964961,"[[299.9609375, 222.3722686767578], [335.0788269042969, 148.44825744628906], [406.67681884765625, 171.41268920898438], [364.28289794921875, 230.94845581054688]]"
156,5.205205205205205,1,found,21,53,57,0.9967264533042908,64.66171600186499,"[[295.8388366699219, 224.0661163330078], [336.5630798339844, 148.42906188964844], [406.1011962890625, 170.72418212890625], [362.68133544921875, 236.26336669921875]]"
157,5.238571905238572,1,found,19,54,57,0.9341554045677185,63.023729002452455,"[[286.5224304199219, 228.5119171142578], [339.9143981933594, 153.91380310058594], [404.31182861328125, 170.398193359375], [361.5441589355469, 248.3209686279297]]"
158,5.271938605271939,1,found,16,55,57,1.0663633346557617,63.56349299312569,"[[291.13177490234375, 226.01100158691406], [335.9429931640625, 151.14134216308594], [405.0202941894531, 170.65524291992188], [363.1399230957031, 241.63304138183594]]"
159,5.305305305305305,1,found,20,53,54,0.8473520278930664,63.10102599672973,"[[288.1987609863281, 226.8153076171875], [335.0001525878906, 150.7708740234375], [402.376708984375, 171.53480529785156], [361.8758544921875, 237.84555053710938]]"
160,5.3386720053386725,1,found,13,50,52,0.982846736907959,62.859193996700924,"[[295.68463134765625, 221.84207153320312], [331.3949279785156, 148.12100219726562], [400.8793029785156, 171.72581481933594], [360.5774841308594, 226.24435424804688]]"
161,5.372038705372039,1,found,19,50,53,0.9703407883644104,67.21950599603588,"[[292.78118896484375, 224.2335968017578], [333.1514587402344, 150.01589965820312], [401.1668395996094, 171.6929168701172], [360.6069030761719, 232.0428466796875]]"
162,5.405405405405405,1,found,20,51,52,0.9619179964065552,73.82349499675911,"[[291.8611145019531, 225.61019897460938], [333.7834167480469, 151.06332397460938], [400.84820556640625, 171.14418029785156], [361.5434875488281, 234.50926208496094]]"
163,5.4387721054387725,1,found,18,49,51,0.9792920351028442,66.46453400026076,"[[296.4925537109375, 221.06851196289062], [332.720458984375, 149.42657470703125], [401.5834655761719, 171.2239227294922], [362.61285400390625, 228.25039672851562]]"
164,5.472138805472139,1,found,18,49,51,0.9611993432044983,64.16707800235599,"[[302.0848388671875, 215.63275146484375], [331.2481689453125, 147.54966735839844], [402.0838623046875, 170.25335693359375], [363.3102111816406, 220.0243377685547]]"
165,5.505505505505505,1,found,13,50,51,0.947382926940918,66.58604599942919,"[[298.905029296875, 218.8751220703125], [334.2017822265625, 147.57070922851562], [402.559326171875, 168.5702362060547], [364.20916748046875, 225.19094848632812]]"
166,5.538872205538873,1,found,15,50,51,0.9302327632904053,66.17290999565739,"[[304.5956115722656, 214.1197052001953], [333.24383544921875, 145.02700805664062], [403.6554260253906, 166.7742156982422], [364.22967529296875, 217.79302978515625]]"
167,5.572238905572239,1,found,14,50,51,0.9180964231491089,63.40950100275222,"[[306.1363220214844, 211.94801330566406], [333.0262756347656, 143.669189453125], [403.8047790527344, 165.0802764892578], [364.7496337890625, 215.0786895751953]]"
168,5.605605605605605,1,found,14,51,50,0.8984023332595825,64.08909600577317,"[[290.4231262207031, 220.15536499023438], [340.426025390625, 149.79293823242188], [401.34521484375, 164.13592529296875], [365.7740478515625, 231.9035186767578]]"
169,5.638972305638973,1,found,16,48,49,1.0057684183120728,62.292926995723974,"[[299.2467041015625, 212.9228057861328], [333.3385925292969, 141.45321655273438], [399.9520568847656, 163.17190551757812], [365.01458740234375, 217.47940063476562]]"
170,5.672339005672339,1,found,19,48,50,0.9874817728996277,64.24003199936124,"[[293.81170654296875, 214.0030517578125], [333.56671142578125, 142.3010711669922], [398.6418151855469, 160.84979248046875], [363.43792724609375, 219.04449462890625]]"
171,5.705705705705706,1,found,16,49,50,1.0110728740692139,62.677070003701374,"[[299.925537109375, 208.3642578125], [332.2729187011719, 140.43626403808594], [399.1188049316406, 159.39805603027344], [362.8528747558594, 216.10989379882812]]"
172,5.739072405739073,1,found,15,47,50,0.980965793132782,61.92126699897926,"[[297.0013732910156, 208.26657104492188], [334.0384216308594, 140.25328063964844], [397.1689453125, 157.1542205810547], [362.28253173828125, 216.12928771972656]]"
173,5.772439105772439,1,found,17,49,50,1.0940455198287964,62.49178799771471,"[[296.4538879394531, 205.9860076904297], [332.3697814941406, 136.870361328125], [395.972412109375, 156.02679443359375], [362.47479248046875, 212.8519744873047]]"
174,5.805805805805806,1,found,14,48,49,1.0257093906402588,64.50369199592387,"[[298.1918029785156, 203.5663299560547], [330.7677307128906, 135.78158569335938], [395.4740295410156, 153.10719299316406], [362.3565979003906, 208.35084533691406]]"
175,5.839172505839173,1,found,15,48,48,1.0588622093200684,62.75148400163744,"[[302.4524230957031, 197.6472625732422], [326.0611572265625, 131.4424285888672], [394.0513916015625, 150.9680938720703], [360.851318359375, 198.06114196777344]]"
176,5.872539205872539,1,found,16,48,48,1.077692985534668,64.41379699390382,"[[296.4612731933594, 198.53334045410156], [327.443603515625, 131.2499542236328], [392.02764892578125, 149.53147888183594], [360.00836181640625, 199.98629760742188]]"
177,5.9059059059059065,1,found,13,47,48,1.0860259532928467,62.98998000420397,"[[298.42840576171875, 196.480712890625], [326.213623046875, 130.23301696777344], [391.9136047363281, 148.2796630859375], [360.6523132324219, 198.23876953125]]"
178,5.939272605939273,1,found,14,47,48,1.0525803565979004,54.69074399297824,"[[300.7785339355469, 194.78953552246094], [326.5964660644531, 129.1102752685547], [391.5069885253906, 147.34307861328125], [360.53997802734375, 196.6905059814453]]"
179,5.972639305972639,1,found,14,47,48,1.0429534912109375,54.19844300195109,"[[298.07684326171875, 197.5850372314453], [330.2076110839844, 132.07275390625], [391.0589904785156, 146.32492065429688], [361.5791320800781, 201.5623016357422]]"
180,6.0060060060060065,1,found,14,48,45,1.1051511764526367,55.28743699687766,"[[306.9476623535156, 187.80592346191406], [319.0751037597656, 123.44515991210938], [388.83526611328125, 147.42225646972656], [359.095458984375, 184.19679260253906]]"
181,6.039372706039373,1,found,13,45,44,1.0796096324920654,55.48020999412984,"[[300.2645263671875, 190.4079132080078], [324.83905029296875, 128.4413604736328], [389.5677185058594, 146.96498107910156], [359.3243713378906, 190.4562225341797]]"
182,6.072739406072739,1,found,19,44,45,1.0657854080200195,53.3276290007052,"[[300.34124755859375, 191.65185546875], [322.8170166015625, 127.78451538085938], [388.2344055175781, 146.0032501220703], [359.3622741699219, 190.5268096923828]]"
183,6.106106106106107,1,found,15,45,40,1.071045160293579,55.2311040009954,"[[271.47760009765625, 205.41366577148438], [324.2787170410156, 130.88560485839844], [384.77874755859375, 146.32516479492188], [357.4436340332031, 197.87091064453125]]"
184,6.139472806139473,1,found,18,38,39,1.093145728111267,55.79286300053354,"[[277.3118896484375, 201.14303588867188], [321.3908996582031, 129.07687377929688], [382.9637451171875, 145.46470642089844], [357.07623291015625, 194.47970581054688]]"
185,6.172839506172839,1,found,18,39,39,1.0555737018585205,55.27915200218558,"[[282.3352355957031, 193.26156616210938], [318.96160888671875, 128.90245056152344], [381.7694091796875, 145.38133239746094], [354.12554931640625, 187.16004943847656]]"
186,6.206206206206207,1,found,19,38,39,1.039142370223999,55.508662000647746,"[[282.65716552734375, 191.56011962890625], [317.6689147949219, 128.72830200195312], [380.82843017578125, 145.17189025878906], [352.94635009765625, 186.5117950439453]]"
187,6.239572906239573,1,found,22,38,39,1.0286251306533813,57.14616099430714,"[[270.64300537109375, 200.02325439453125], [318.6282958984375, 128.6313934326172], [378.9349365234375, 144.8289794921875], [352.32012939453125, 193.18344116210938]]"
188,6.2729396062729395,1,found,19,38,39,1.0296694040298462,60.85242600238416,"[[272.49420166015625, 194.90948486328125], [317.09906005859375, 130.33555603027344], [377.5644226074219, 145.30581665039062], [350.45770263671875, 187.75827026367188]]"
189,6.306306306306307,1,found,16,39,36,0.8051724433898926,60.535436001373455,"[[308.36236572265625, 176.48724365234375], [306.4954528808594, 122.38102722167969], [379.6034240722656, 144.2683563232422], [349.1564636230469, 175.35482788085938]]"
190,6.339673006339673,1,found,17,35,36,1.1342679262161255,61.125879001338035,"[[261.9990234375, 204.20443725585938], [316.41033935546875, 130.19850158691406], [376.135498046875, 146.59695434570312], [352.57427978515625, 194.09022521972656]]"
191,6.3730397063730395,1,found,13,34,34,0.9259659051895142,59.260207002807874,"[[310.2465515136719, 177.5428924560547], [306.4757385253906, 123.93418884277344], [380.6617431640625, 146.1112823486328], [350.718505859375, 175.7430877685547]]"
192,6.406406406406407,1,found,15,34,35,0.9983634948730469,63.279135996708646,"[[257.07659912109375, 210.04464721679688], [322.2086181640625, 135.00326538085938], [378.6184997558594, 148.13143920898438], [354.9411926269531, 198.58566284179688]]"
193,6.439773106439773,1,found,12,35,35,1.0479844808578491,63.26550200174097,"[[278.79736328125, 199.9702606201172], [321.9799499511719, 133.82545471191406], [380.72161865234375, 148.62213134765625], [356.0894775390625, 193.20521545410156]]"
194,6.4731398064731405,1,found,9,34,35,1.0499768257141113,60.461445995315444,"[[304.69268798828125, 183.8341522216797], [320.1029968261719, 132.46507263183594], [384.48687744140625, 149.17556762695312], [356.6543273925781, 183.2188720703125]]"
195,6.506506506506507,1,found,12,34,34,0.9695106744766235,60.941825999179855,"[[319.2176208496094, 177.04287719726562], [313.55419921875, 127.1628189086914], [387.4822692871094, 148.5520782470703], [356.5167236328125, 176.84585571289062]]"
196,6.539873206539873,1,found,15,34,35,0.9181676506996155,58.460231994104106,"[[315.0589904785156, 180.4967498779297], [319.3310852050781, 130.11395263671875], [387.347412109375, 148.9228973388672], [358.3343811035156, 179.89620971679688]]"
197,6.5732399065732405,1,found,11,35,36,0.9304715991020203,56.23630899935961,"[[300.6636962890625, 191.22474670410156], [325.76165771484375, 133.8221893310547], [386.0260314941406, 148.54298400878906], [361.5936584472656, 189.2899627685547]]"
198,6.606606606606607,1,found,19,35,35,0.9552786946296692,55.761540003004484,"[[301.3251037597656, 189.8987579345703], [325.6836242675781, 132.837158203125], [386.1778869628906, 147.7095184326172], [361.4802551269531, 187.67494201660156]]"
199,6.639973306639973,1,found,15,34,33,0.8418678045272827,55.280959997617174,"[[325.01446533203125, 171.2976531982422], [317.675048828125, 125.04672241210938], [390.6555480957031, 146.0099334716797], [357.04449462890625, 172.72134399414062]]"
200,6.673340006673341,1,found,10,33,33,0.9918359518051147,58.87001199880615,"[[316.7754211425781, 174.32498168945312], [317.4725036621094, 125.70943450927734], [386.59112548828125, 145.1678924560547], [357.3060607910156, 174.0132293701172]]"
201,6.706706706706707,1,found,11,33,29,0.7790877223014832,70.90429900563322,"[[264.59259033203125, 202.51690673828125], [317.0609130859375, 123.8084487915039], [375.1003723144531, 145.4912872314453], [354.3713073730469, 176.89437866210938]]"
202,6.740073406740073,1,found,15,29,29,0.8575735688209534,59.2927769976086,"[[289.00762939453125, 185.257568359375], [319.8729553222656, 127.17719268798828], [377.0728454589844, 143.8596954345703], [353.8669738769531, 177.7059326171875]]"
203,6.773440106773441,1,found,12,29,30,0.795905351638794,63.17005700111622,"[[275.39837646484375, 193.9447479248047], [318.5052795410156, 126.57698059082031], [372.937744140625, 142.43553161621094], [352.7515869140625, 179.10580444335938]]"
204,6.806806806806807,1,found,15,30,30,0.9024459719657898,62.8031349988305,"[[257.2387390136719, 197.435791015625], [319.47930908203125, 126.5676498413086], [372.24920654296875, 142.68910217285156], [351.95989990234375, 185.0276641845703]]"
205,6.8401735068401734,1,found,12,30,30,0.8454126715660095,57.39401900063967,"[[251.4735107421875, 201.80288696289062], [319.3948669433594, 127.78272247314453], [371.37841796875, 141.4088134765625], [351.4179382324219, 185.78968811035156]]"
206,6.873540206873541,1,found,13,30,29,0.8161396980285645,54.87040700245416,"[[313.6800842285156, 179.61000061035156], [309.7928771972656, 118.51974487304688], [367.32379150390625, 139.5925750732422], [355.020263671875, 173.86978149414062]]"
207,6.906906906906907,1,found,17,27,27,0.7717841863632202,55.38924299617065,"[[288.1084899902344, 183.185791015625], [313.9361267089844, 124.23664093017578], [369.3176574707031, 140.81224060058594], [350.57318115234375, 174.22433471679688]]"
208,6.9402736069402735,1,found,9,27,27,0.7451875805854797,54.328318998159375,"[[278.91314697265625, 189.1562042236328], [307.6471252441406, 120.82927703857422], [365.9329528808594, 140.77488708496094], [348.9427490234375, 168.77806091308594]]"
209,6.973640306973641,1,found,12,26,27,0.7616984248161316,56.357366003794596,"[[281.8833923339844, 183.8423614501953], [312.3271789550781, 124.11862182617188], [368.86199951171875, 141.46719360351562], [349.797119140625, 172.22482299804688]]"
210,7.007007007007007,0,invalid_projection,11,27,26,0.9696465730667114,54.33016299502924,
211,7.040373707040374,0,few_inliers,15,0,4,,60.830178001197055,
212,7.073740407073741,0,few_inliers,16,0,4,,63.39980400662171,
213,7.107107107107107,0,few_inliers,11,0,4,,55.96744200011017,
214,7.140473807140474,0,few_matches,6,0,0,,50.904219002404716,
215,7.173840507173841,0,few_inliers,10,0,5,,51.65007499454077,
216,7.207207207207207,0,few_inliers,18,0,4,,75.13530700089177,
217,7.240573907240575,0,few_inliers,23,0,5,,74.4931200024439,
218,7.273940607273941,0,few_inliers,15,0,5,,61.28203499974916,
219,7.307307307307307,0,few_inliers,16,0,4,,63.83226600155467,
220,7.340674007340675,0,few_inliers,14,0,4,,58.40048800018849,
221,7.374040707374041,0,few_inliers,15,0,5,,54.99119400337804,
222,7.407407407407407,0,few_inliers,11,0,4,,52.8791269971407,
223,7.440774107440775,0,few_inliers,13,0,4,,57.73175899958005,
224,7.474140807474141,0,few_inliers,13,0,4,,59.11995100177592,
225,7.5075075075075075,0,few_inliers,11,0,4,,64.22056399605935,
226,7.540874207540875,0,few_inliers,15,0,4,,75.76286500261631,
227,7.574240907574241,0,few_inliers,9,0,4,,65.58460299856961,
228,7.607607607607608,0,few_inliers,12,0,4,,75.28830600494985,
229,7.640974307640975,0,few_inliers,9,0,4,,66.66110499645583,
230,7.674341007674341,0,few_inliers,12,0,4,,66.17806899885181,
231,7.707707707707708,0,few_inliers,14,0,4,,70.96295399969677,
232,7.741074407741075,0,few_inliers,14,0,4,,64.1324220050592,
233,7.774441107774441,0,few_inliers,13,0,0,,56.79270799737424,
234,7.807807807807808,0,few_inliers,15,0,5,,58.23502999555785,
235,7.841174507841175,0,few_inliers,15,0,4,,65.78825500037055,
236,7.874541207874541,0,few_inliers,17,0,4,,74.70791400555754,
237,7.907907907907909,0,few_inliers,11,0,4,,66.13362200005213,
238,7.941274607941275,0,few_inliers,14,0,4,,61.730168003123254,
239,7.974641307974641,0,few_inliers,11,0,4,,62.39091900351923,
240,8.008008008008009,0,few_inliers,11,0,5,,60.13656800496392,
241,8.041374708041374,0,few_inliers,17,0,5,,65.67610699858051,
242,8.074741408074741,0,few_inliers,12,0,4,,61.87259800208267,
243,8.108108108108109,0,few_inliers,10,0,4,,56.992719997651875,
244,8.141474808141474,0,few_inliers,10,0,4,,59.051800999441184,
245,8.174841508174842,0,few_inliers,14,0,4,,60.19006699352758,
246,8.208208208208209,0,few_inliers,16,0,5,,59.79160699644126,
247,8.241574908241574,0,few_inliers,12,0,4,,61.33439300174359,
248,8.274941608274942,0,few_matches,7,0,0,,61.79057899862528,
249,8.308308308308309,0,few_inliers,16,0,4,,73.0452569987392,
250,8.341675008341676,0,few_inliers,15,0,5,,61.81880099757109,
251,8.375041708375042,0,few_inliers,12,0,4,,67.16889200470177,
252,8.408408408408409,0,few_inliers,19,0,5,,68.19062399881659,
253,8.441775108441776,0,few_inliers,15,0,4,,64.86034599947743,
254,8.475141808475142,0,few_inliers,15,0,5,,55.88532499677967,
255,8.508508508508509,0,few_inliers,15,0,4,,67.15716700273333,
256,8.541875208541876,0,few_inliers,15,0,4,,63.68211100198096,
257,8.575241908575242,0,few_inliers,16,0,4,,64.68624099943554,
258,8.608608608608609,0,few_inliers,12,0,4,,68.78711399622262,
259,8.641975308641976,0,few_inliers,12,0,4,,63.70314899686491,
260,8.675342008675342,0,few_inliers,14,0,5,,63.584360999811906,
261,8.70870870870871,0,few_inliers,18,0,5,,75.66913300252054,
262,8.742075408742076,0,few_inliers,10,0,4,,62.23406799836084,
263,8.775442108775442,0,few_inliers,12,0,4,,59.06189500092296,
264,8.80880880880881,0,few_inliers,19,0,5,,74.44527100597043,
265,8.842175508842177,0,few_inliers,12,0,4,,60.94015600683633,
266,8.875542208875542,0,few_matches,4,0,0,,55.92072999570519,
267,8.90890890890891,0,few_inliers,13,0,4,,60.738517000572756,
268,8.942275608942277,0,few_inliers,9,0,4,,60.47937199764419,
269,8.975642308975642,0,few_inliers,9,0,4,,63.11737200303469,
270,9.00900900900901,0,few_matches,7,0,0,,59.83893500524573,
271,9.042375709042377,0,few_inliers,15,0,4,,73.18916900112526,
272,9.075742409075742,0,few_inliers,8,0,4,,64.19093900331063,
273,9.10910910910911,0,few_inliers,14,0,4,,71.80370000423864,
274,9.142475809142477,0,few_inliers,12,0,4,,59.33287699735956,
275,9.175842509175842,0,few_matches,7,0,0,,55.42474499816308,
276,9.20920920920921,0,few_inliers,14,0,4,,66.55629399756435,
277,9.242575909242577,0,few_inliers,14,0,4,,65.80872400081716,
278,9.275942609275942,0,few_inliers,10,0,4,,60.119298002973665,
279,9.30930930930931,0,few_inliers,15,0,4,,70.63715199910803,
280,9.342676009342677,0,few_inliers,16,0,4,,83.76636200409848,
281,9.376042709376042,0,few_inliers,14,0,4,,78.56292599899461,
282,9.40940940940941,0,few_inliers,12,0,4,,77.54154799476964,
283,9.442776109442777,0,few_inliers,8,0,4,,74.1326069983188,
284,9.476142809476142,0,few_inliers,10,0,4,,74.9846280014026,
285,9.50950950950951,0,few_inliers,11,0,4,,75.86885899945628,
286,9.542876209542877,0,few_inliers,14,0,4,,73.48709399957443,
287,9.576242909576242,0,few_inliers,13,0,4,,71.91619399964111,
288,9.60960960960961,0,few_inliers,12,0,4,,69.4167540059425,
289,9.642976309642977,0,few_inliers,11,0,4,,68.20728700404288,
290,9.676343009676343,0,few_inliers,14,0,4,,72.02392099861754,
291,9.70970970970971,0,few_inliers,13,0,4,,68.16947699553566,
292,9.743076409743077,0,few_inliers,13,0,4,,66.16841999493772,
293,9.776443109776443,0,few_inliers,11,0,4,,65.49578799604205,
294,9.80980980980981,0,few_inliers,10,0,4,,62.42735400155652,
295,9.843176509843177,0,few_inliers,8,0,4,,60.00899199716514,
296,9.876543209876544,0,few_inliers,10,0,4,,59.81184099800885,
297,9.90990990990991,0,few_inliers,11,0,4,,61.57037899538409,
298,9.943276609943277,0,few_inliers,11,0,4,,61.42460199771449,
299,9.976643309976645,0,few_inliers,10,0,4,,61.01301699527539,
300,10.01001001001001,0,few_inliers,10,0,4,,65.0245399956475,
301,10.043376710043377,0,few_inliers,12,0,4,,68.44155400176533,
302,10.076743410076745,0,few_inliers,14,0,4,,91.12912000273354,
303,10.11011011011011,0,few_inliers,10,0,5,,66.92902100621723,
304,10.143476810143477,0,few_inliers,13,0,4,,70.73649099766044,
305,10.176843510176845,0,few_inliers,12,0,4,,68.97989099525148,
306,10.21021021021021,0,few_inliers,18,0,5,,70.63777899747947,
307,10.243576910243577,0,few_inliers,13,0,4,,67.16513400169788,
308,10.276943610276945,0,few_inliers,11,0,4,,60.51828999625286,
309,10.31031031031031,0,few_inliers,8,0,4,,60.78034100210061,
310,10.343677010343677,0,few_inliers,17,0,5,,67.50328400084982,
311,10.377043710377045,0,few_inliers,14,0,4,,71.50961799925426,
312,10.41041041041041,0,few_inliers,14,0,4,,71.82892100536264,
313,10.443777110443778,0,few_inliers,12,0,5,,64.96883500221884,
314,10.477143810477145,0,few_inliers,11,0,4,,68.70946200069739,
315,10.51051051051051,0,few_inliers,17,0,4,,87.7518620036426,
316,10.543877210543878,0,few_inliers,14,0,5,,67.42062899866141,
317,10.577243910577245,0,few_inliers,11,0,4,,65.96252700546756,
318,10.61061061061061,0,few_inliers,11,0,4,,66.45437800034415,
319,10.643977310643978,0,few_inliers,11,0,4,,63.9958910032874,
320,10.677344010677345,0,few_inliers,8,0,4,,61.45150699740043,
321,10.71071071071071,0,few_matches,6,0,0,,57.958372999564745,
322,10.744077410744078,0,few_matches,7,0,0,,55.877368002256844,
323,10.777444110777445,0,few_inliers,14,0,5,,60.30033600109164,
324,10.81081081081081,0,few_inliers,8,0,4,,57.32927899953211,
325,10.844177510844178,0,few_matches,5,0,0,,58.309456006099936,
326,10.877544210877545,0,few_inliers,11,0,4,,60.77799999911804,
327,10.91091091091091,0,few_inliers,11,0,4,,63.98987599823158,
328,10.944277610944278,0,few_matches,7,0,0,,63.56358599441592,
329,10.977644310977645,0,few_inliers,12,0,4,,67.90297100087628,
330,11.01101101101101,0,few_inliers,10,0,4,,61.392714000248816,
331,11.044377711044378,0,few_inliers,9,0,4,,58.53404300432885,
332,11.077744411077745,0,few_inliers,13,0,5,,60.517929996422026,
333,11.11111111111111,0,few_inliers,10,0,4,,59.64657299773535,
334,11.144477811144478,0,few_inliers,14,0,4,,63.20629000401823,
335,11.177844511177845,0,few_inliers,16,0,4,,66.81137000123272,
336,11.21121121121121,0,few_inliers,16,0,5,,60.6331009985297,
337,11.244577911244578,0,few_inliers,13,0,4,,59.47660100355279,
338,11.277944611277945,0,few_inliers,14,0,4,,64.89347300521331,
339,11.311311311311313,0,few_inliers,12,0,4,,58.070333005161956,
340,11.344678011344678,0,few_inliers,9,0,4,,54.42617100197822,
341,11.378044711378045,0,few_matches,7,0,0,,54.024053999455646,
342,11.411411411411413,0,few_inliers,8,0,4,,55.50736199802486,
343,11.444778111444778,0,few_inliers,12,0,4,,57.02848699729657,
344,11.478144811478145,0,few_inliers,9,0,4,,54.0404990024399,
345,11.511511511511513,0,few_inliers,13,0,4,,57.27458900219062,
346,11.544878211544878,0,few_inliers,13,0,4,,56.881067001086194,
347,11.578244911578246,0,few_inliers,9,0,4,,52.76121199858608,
348,11.611611611611613,0,few_inliers,13,0,4,,57.773033004195895,
349,11.644978311644978,0,few_inliers,15,0,5,,55.277526000281796,
350,11.678345011678346,0,few_inliers,16,0,4,,61.544878997665364,
351,11.711711711711713,0,few_matches,7,0,0,,49.16562900325516,
352,11.745078411745078,0,few_inliers,18,0,5,,59.2861070035724,
353,11.778445111778446,0,few_inliers,18,0,5,,58.61255199852167,
354,11.811811811811813,0,few_inliers,14,0,4,,62.29474400606705,
355,11.845178511845178,0,few_inliers,13,0,5,,55.002833003527485,
356,11.878545211878546,0,few_inliers,15,0,5,,57.51978899934329,
357,11.911911911911913,0,few_inliers,14,0,5,,55.96544800209813,
358,11.945278611945279,0,few_inliers,19,0,5,,64.21336200583028,
359,11.978645311978646,0,few_inliers,20,0,5,,65.51982899691211,
360,12.012012012012013,0,few_inliers,15,0,4,,62.52316900645383,
361,12.045378712045379,0,few_inliers,14,0,4,,59.85879299987573,
362,12.078745412078746,0,few_inliers,19,0,5,,65.11493300058646,
363,12.112112112112113,0,few_inliers,12,0,4,,59.310996999556664,
364,12.145478812145479,0,few_inliers,17,0,5,,65.61517900263425,
365,12.178845512178846,0,few_inliers,18,0,6,,63.07859800290316,
366,12.212212212212213,0,few_inliers,17,0,6,,61.370334995444864,
367,12.245578912245579,0,few_inliers,24,0,9,,62.42841499624774,
368,12.278945612278946,0,few_inliers,22,0,7,,64.56650699692545,
369,12.312312312312313,0,few_inliers,21,0,8,,60.09362399345264,
370,12.345679012345679,0,few_inliers,19,0,8,,61.184322999906726,
371,12.379045712379046,0,few_inliers,22,0,9,,63.51335500221467,
372,12.412412412412413,1,found,17,0,9,0.5224587917327881,59.951082002953626,"[[291.4794921875, 271.6816101074219], [328.3932189941406, 165.0395050048828], [405.97357177734375, 179.18003845214844], [385.477294921875, 279.5909729003906]]"
373,12.445779112445779,1,found,18,4,10,0.5118175745010376,58.80006100051105,"[[288.55303955078125, 271.0402526855469], [325.0519104003906, 160.62203979492188], [404.8782043457031, 174.261474609375], [384.4631652832031, 278.7288513183594]]"
374,12.479145812479146,0,few_inliers,25,3,12,,63.22717999864835,
375,12.512512512512513,1,found,21,0,10,0.5624443292617798,64.73962999734795,"[[290.11962890625, 279.63714599609375], [324.84686279296875, 159.96827697753906], [405.76934814453125, 174.79837036132812], [383.2585754394531, 285.01214599609375]]"
376,12.545879212545879,1,found,20,5,15,0.6685817837715149,66.59884099644842,"[[292.9034423828125, 283.8834533691406], [325.7659606933594, 163.60719299316406], [410.9514465332031, 175.5318145751953], [391.2101745605469, 299.4629821777344]]"
377,12.579245912579246,1,found,29,7,19,0.7622225880622864,67.68092499987688,"[[295.1631774902344, 289.9363098144531], [327.27301025390625, 165.5592041015625], [413.9409484863281, 177.06976318359375], [395.8132629394531, 304.95477294921875]]"
378,12.612612612612613,1,found,33,9,22,0.708173394203186,70.0486580026336,"[[297.3941955566406, 296.6437072753906], [328.92987060546875, 167.81117248535156], [415.43402099609375, 178.6973114013672], [398.8400573730469, 309.5692138671875]]"
379,12.645979312645979,1,found,32,7,23,0.6638477444648743,69.59994600038044,"[[299.7824401855469, 302.62518310546875], [329.67889404296875, 168.35498046875], [417.6480407714844, 180.08602905273438], [401.749267578125, 313.71319580078125]]"
380,12.679346012679346,1,found,36,8,23,0.7988774180412292,73.58284100337187,"[[302.236572265625, 306.1499328613281], [330.8274841308594, 169.67138671875], [421.14007568359375, 180.45758056640625], [405.8128967285156, 319.9754333496094]]"
381,12.712712712712714,1,found,29,6,22,0.6294876933097839,65.20037500013132,"[[303.06884765625, 311.4519958496094], [331.6681213378906, 170.08534240722656], [422.0762634277344, 181.32479858398438], [409.0177001953125, 324.0769348144531]]"
382,12.746079412746079,1,found,25,11,22,0.6206879615783691,65.7237260020338,"[[305.6329345703125, 316.65966796875], [332.76226806640625, 170.82777404785156], [424.6608581542969, 182.1354217529297], [412.89276123046875, 327.8661804199219]]"
383,12.779446112779446,1,found,25,11,22,0.7378954887390137,64.38571100443369,"[[309.8116149902344, 317.8664855957031], [335.4524841308594, 170.82150268554688], [431.10906982421875, 181.67422485351562], [420.20635986328125, 332.83203125]]"
384,12.812812812812814,1,found,27,13,29,0.48313042521476746,65.13744000403676,"[[312.7716369628906, 319.33599853515625], [338.6912841796875, 168.40158081054688], [433.666259765625, 179.5751953125], [423.3598327636719, 331.15960693359375]]"
385,12.84617951284618,1,found,31,15,33,0.6935689449310303,63.09240900009172,"[[315.8002624511719, 315.537109375], [339.7550964355469, 164.96334838867188], [438.9452209472656, 174.25433349609375], [427.03521728515625, 332.36920166015625]]"
386,12.879546212879546,1,found,36,17,38,0.5100616216659546,58.936344998073764,"[[316.1966857910156, 316.75048828125], [339.9126281738281, 159.9300079345703], [437.5799865722656, 171.0872344970703], [426.3553161621094, 326.93939208984375]]"
387,12.912912912912914,1,found,32,19,37,0.6027780175209045,56.75065600371454,"[[317.4759826660156, 314.3183288574219], [339.9100341796875, 154.58975219726562], [439.426025390625, 165.75833129882812], [430.18707275390625, 323.5498352050781]]"
388,12.946279612946281,1,found,24,24,38,0.684709370136261,54.38178100303048,"[[320.16107177734375, 309.5115661621094], [341.69476318359375, 147.13079833984375], [443.30853271484375, 158.37060546875], [434.45989990234375, 321.5389404296875]]"
389,12.979646312979646,1,found,34,21,41,0.599322497844696,55.72828099684557,"[[321.8629455566406, 307.54827880859375], [343.58148193359375, 140.4292449951172], [446.040283203125, 151.76039123535156], [437.47857666015625, 317.5006408691406]]"
390,13.013013013013014,1,found,35,17,44,0.743506669998169,56.13282499689376,"[[321.8112487792969, 305.1647033691406], [343.73876953125, 135.4042510986328], [448.6528015136719, 144.951904296875], [442.0484313964844, 315.7607421875]]"
391,13.046379713046381,1,found,32,20,45,0.6929693222045898,57.59419799869647,"[[322.0989685058594, 301.4950256347656], [343.22430419921875, 129.7733154296875], [451.21588134765625, 137.7882843017578], [444.5852355957031, 315.82611083984375]]"
392,13.079746413079747,1,found,48,18,52,0.6735492944717407,62.520475999917835,"[[319.9564514160156, 302.300537109375], [341.0196838378906, 123.47870635986328], [450.10125732421875, 133.45884704589844], [443.2186279296875, 312.84814453125]]"
393,13.113113113113114,1,found,37,25,53,0.6033046841621399,64.5786009990843,"[[317.8859558105469, 304.39093017578125], [338.63787841796875, 119.17089080810547], [448.8492126464844, 131.92349243164062], [440.4107666015625, 313.3183288574219]]"
394,13.146479813146481,1,found,46,20,51,0.547976016998291,65.31022299895994,"[[316.1058654785156, 305.353759765625], [336.7534484863281, 117.29383087158203], [449.51470947265625, 128.0511474609375], [442.06390380859375, 316.2969970703125]]"
395,13.179846513179847,1,found,44,23,56,0.5582177639007568,68.47583100170596,"[[314.3070373535156, 309.6053161621094], [334.96844482421875, 116.2218246459961], [449.01654052734375, 126.10961151123047], [442.6728820800781, 316.32611083984375]]"
396,13.213213213213214,1,found,37,29,57,0.6641306281089783,69.6840370001155,"[[313.9904479980469, 312.7160339355469], [333.5286560058594, 116.28428649902344], [451.0534973144531, 124.83387756347656], [444.52398681640625, 324.5521545410156]]"
397,13.246579913246581,1,found,43,30,60,0.648811399936676,68.52167500619544,"[[311.8401794433594, 318.3211669921875], [332.3802795410156, 116.65470886230469], [450.87762451171875, 124.81491088867188], [445.6695861816406, 328.6196594238281]]"
398,13.279946613279947,1,found,57,21,64,0.7131895422935486,71.07680199987954,"[[313.00689697265625, 321.3160400390625], [331.91326904296875, 114.85736083984375], [452.5284729003906, 123.82794189453125], [446.9193115234375, 331.6322326660156]]"
399,13.313313313313314,1,found,45,28,62,0.9358857870101929,69.81659099983517,"[[314.4103088378906, 324.00537109375], [331.65606689453125, 113.54942321777344], [454.1239318847656, 121.36544036865234], [448.10577392578125, 335.0591125488281]]"
400,13.346680013346681,1,found,45,31,62,0.7219107151031494,67.06307899730746,"[[310.0942687988281, 331.5793151855469], [329.2147216796875, 113.7818832397461], [453.8050231933594, 122.57288360595703], [448.0208435058594, 340.75994873046875]]"
401,13.380046713380047,1,found,42,31,63,0.6179109215736389,69.88123900373466,"[[306.3118591308594, 338.2929992675781], [326.4921569824219, 114.96112060546875], [452.99322509765625, 124.035888671875], [447.2340087890625, 345.9457092285156]]"
402,13.413413413413414,1,found,48,28,62,0.6225128173828125,67.91193599929102,"[[302.3760986328125, 341.20751953125], [322.85064697265625, 114.75617980957031], [452.56829833984375, 121.93653106689453], [450.10723876953125, 353.7967224121094]]"
403,13.446780113446781,1,found,46,28,61,0.8836726546287537,69.43544100067811,"[[298.3082580566406, 344.0813293457031], [317.6270446777344, 109.24237823486328], [449.3930358886719, 118.46742248535156], [444.1172180175781, 344.82598876953125]]"
404,13.480146813480147,1,found,45,35,64,0.7813647985458374,70.47007200162625,"[[300.9740295410156, 342.7938232421875], [317.10955810546875, 105.81658935546875], [451.26324462890625, 113.74724578857422], [449.05853271484375, 349.5537109375]]"
405,13.513513513513514,1,found,53,33,68,0.7390270233154297,68.67410199629376,"[[303.34637451171875, 343.65557861328125], [318.23406982421875, 102.83137512207031], [455.1337585449219, 109.62889862060547], [455.1454162597656, 350.143798828125]]"
406,13.546880213546881,1,found,54,34,70,0.7645077705383301,68.91968199488474,"[[305.4969177246094, 342.58465576171875], [320.8420104980469, 98.48844146728516], [459.7289123535156, 104.97249603271484], [458.7807922363281, 350.0201416015625]]"
407,13.580246913580247,1,found,44,46,74,0.7499691843986511,62.83376599458279,"[[306.6653137207031, 339.7633972167969], [322.24444580078125, 92.68959045410156], [464.2663269042969, 98.60303497314453], [462.4410095214844, 349.3168640136719]]"
408,13.613613613613614,1,found,44,41,75,0.8590704798698425,61.11363000673009,"[[304.751953125, 335.02423095703125], [324.20977783203125, 85.10343170166016], [467.2456359863281, 90.20326232910156], [460.22991943359375, 344.9146728515625]]"
409,13.646980313646981,1,found,43,46,75,0.8839681148529053,58.09873799444176,"[[304.3280029296875, 331.4143981933594], [321.9866943359375, 77.02533721923828], [468.0360412597656, 82.8343734741211], [461.6489562988281, 341.05780029296875]]"
410,13.680347013680347,1,found,36,50,73,0.736920952796936,56.61185000644764,"[[301.1102294921875, 329.3968811035156], [318.7491760253906, 70.06492614746094], [466.8518371582031, 75.98027038574219], [462.9141540527344, 338.9518737792969]]"
411,13.713713713713714,1,found,36,45,70,0.8146843314170837,58.12013700051466,"[[297.89691162109375, 325.69219970703125], [314.6846923828125, 63.68510437011719], [465.25482177734375, 67.3863296508789], [461.7978820800781, 336.33026123046875]]"
412,13.747080413747081,1,found,46,36,70,0.7219276428222656,63.37097199866548,"[[294.99798583984375, 325.6268005371094], [310.8363342285156, 59.344139099121094], [462.2381286621094, 62.409324645996094], [460.8691101074219, 334.93145751953125]]"
413,13.780447113780447,1,found,50,33,67,0.5936918258666992,64.30648799869232,"[[292.7713928222656, 327.07891845703125], [307.80859375, 56.79867172241211], [460.960693359375, 59.26884078979492], [460.0533447265625, 335.7227478027344]]"
414,13.813813813813814,1,found,43,39,67,0.6723235249519348,61.82841099507641,"[[291.60382080078125, 329.9345703125], [304.1293640136719, 56.622196197509766], [458.0641784667969, 59.81230545043945], [456.12841796875, 337.1534118652344]]"
415,13.847180513847182,1,found,46,34,68,0.7914603352546692,62.031414003286045,"[[290.46771240234375, 332.6540832519531], [301.0108337402344, 60.56618881225586], [455.8248291015625, 59.93037033081055], [457.5353088378906, 341.70220947265625]]"
416,13.880547213880547,1,found,51,34,69,0.774088978767395,61.59899000340374,"[[289.13336181640625, 335.7382507324219], [296.5948486328125, 60.577293395996094], [451.26611328125, 60.84309768676758], [455.7962646484375, 341.22735595703125]]"
417,13.913913913913914,1,found,53,30,67,0.867680549621582,62.322167003003415,"[[288.882568359375, 338.1611022949219], [293.3265075683594, 63.95124816894531], [448.4161071777344, 61.51822280883789], [456.65203857421875, 342.55328369140625]]"
418,13.947280613947282,1,found,49,32,65,0.7258650064468384,66.59430500440067,"[[286.47259521484375, 342.5147399902344], [290.03094482421875, 64.99211883544922], [443.5605773925781, 63.70906066894531], [455.3504638671875, 340.9529113769531]]"
419,13.980647313980647,1,found,41,38,66,0.7063019871711731,69.11784600379178,"[[286.061767578125, 341.70977783203125], [283.8731994628906, 65.03931427001953], [438.5623779296875, 62.72296142578125], [451.4936828613281, 336.380859375]]"
420,14.014014014014014,1,found,53,37,71,0.6222675442695618,68.55375599843683,"[[285.03253173828125, 342.38470458984375], [276.7981872558594, 67.1152114868164], [430.29595947265625, 61.01322937011719], [449.2532958984375, 334.48712158203125]]"
421,14.047380714047382,1,found,51,36,73,0.7335464358329773,68.18085299892118,"[[285.6463623046875, 343.08251953125], [267.7903137207031, 69.1638412475586], [420.6249694824219, 58.78459167480469], [447.4051818847656, 330.2042541503906]]"
422,14.080747414080747,1,found,53,36,75,0.7895814180374146,68.35364000289701,"[[287.2530212402344, 346.0036315917969], [260.7989807128906, 72.97290802001953], [412.1810302734375, 58.067344665527344], [448.2135925292969, 327.4867858886719]]"
423,14.114114114114114,1,found,53,37,76,0.7843717336654663,74.79982999939239,"[[288.83880615234375, 347.097412109375], [254.9495849609375, 77.00325012207031], [404.24505615234375, 57.448856353759766], [447.8116760253906, 323.952880859375]]"
424,14.147480814147482,1,found,59,38,75,0.7452660202980042,67.57439100329066,"[[289.29168701171875, 347.66802978515625], [246.22459411621094, 77.6981201171875], [397.1241455078125, 57.19154357910156], [447.0947265625, 316.4113464355469]]"
425,14.180847514180847,1,found,58,36,78,0.869275689125061,65.9740939954645,"[[291.8540954589844, 345.7218933105469], [241.0103759765625, 79.37252807617188], [388.8794250488281, 52.42253112792969], [446.3553771972656, 312.0494384765625]]"
426,14.214214214214214,1,found,58,41,80,0.7264676094055176,67.59730299381772,"[[295.2048034667969, 346.05474853515625], [236.58436584472656, 80.98466491699219], [383.6125793457031, 50.87905502319336], [450.0587463378906, 307.59893798828125]]"
427,14.247580914247582,1,found,59,38,80,0.7224620580673218,70.74962699698517,"[[299.25897216796875, 344.60272216796875], [232.7210235595703, 81.98361206054688], [379.1887512207031, 48.604923248291016], [451.34515380859375, 302.5162048339844]]"
428,14.280947614280947,1,found,49,42,79,0.6602748036384583,67.96692100033397,"[[303.620849609375, 342.7059020996094], [229.3955078125, 82.20171356201172], [376.1440124511719, 46.08266067504883], [455.69140625, 295.4060363769531]]"
429,14.314314314314315,1,found,49,45,76,0.7815759181976318,69.84623000607826,"[[310.6905517578125, 337.35455322265625], [231.448974609375, 81.95587921142578], [375.6711120605469, 41.312992095947266], [462.4225158691406, 289.5599365234375]]"
430,14.347681014347682,1,found,44,48,77,0.8400554060935974,74.02657099737553,"[[315.0987854003906, 334.1225891113281], [230.65176391601562, 80.42042541503906], [373.3285217285156, 39.089908599853516], [463.9778137207031, 278.9244689941406]]"
431,14.38104771438105,1,found,46,42,74,0.7688406705856323,71.40659299329855,"[[317.71075439453125, 329.7801513671875], [228.5615997314453, 77.36026763916016], [369.9289245605469, 33.539119720458984], [466.2325439453125, 273.1529846191406]]"
432,14.414414414414415,1,found,46,40,75,0.895862877368927,91.65762399788946,"[[320.8114013671875, 325.5457458496094], [225.2806854248047, 75.63646697998047], [364.38714599609375, 29.11366081237793], [465.59906005859375, 264.8385925292969]]"
433,14.447781114447782,1,found,60,36,75,0.6878851056098938,85.97652699972969,"[[324.6697692871094, 322.72772216796875], [219.0686492919922, 76.43670654296875], [358.0869445800781, 27.10795021057129], [464.4873046875, 254.98764038085938]]"
434,14.48114781448115,1,found,59,31,75,0.6415743231773376,81.50044599460671,"[[328.9162902832031, 320.14691162109375], [216.43092346191406, 78.4582748413086], [352.83673095703125, 26.389846801757812], [464.3999328613281, 250.71141052246094]]"
435,14.514514514514515,1,found,56,34,79,0.6780991554260254,78.47061500069685,"[[333.9454345703125, 316.5749206542969], [217.0507354736328, 79.80997467041016], [350.6803894042969, 25.03634262084961], [468.6072082519531, 246.4792938232422]]"
436,14.547881214547882,1,found,56,42,80,0.7211049795150757,71.6032609998365,"[[340.2196960449219, 311.967041015625], [217.824462890625, 78.62211608886719], [349.38726806640625, 21.75614356994629], [473.0192565917969, 237.4340362548828]]"
437,14.58124791458125,1,found,61,42,83,0.7377687096595764,73.98599499720149,"[[347.6410217285156, 303.0893859863281], [218.93402099609375, 77.25675964355469], [348.8378601074219, 17.589780807495117], [477.005615234375, 229.0176239013672]]"
438,14.614614614614615,1,found,50,43,80,0.7699666023254395,66.07004699617391,"[[353.0417175292969, 295.7814025878906], [223.6329345703125, 74.41434478759766], [349.3946838378906, 9.740703582763672], [485.4253234863281, 223.0455780029297]]"
439,14.647981314647982,1,found,62,35,82,0.733373761177063,80.32603999890853,"[[358.321044921875, 292.74298095703125], [225.09945678710938, 71.51881408691406], [350.2493896484375, 5.728030204772949], [487.5617370605469, 215.76170349121094]]"
440,14.68134801468135,1,found,50,44,79,0.8352187275886536,79.92995400127256,"[[363.57159423828125, 292.0926513671875], [226.0703582763672, 76.316650390625], [347.2501220703125, 7.0456953048706055], [489.7375183105469, 213.04676818847656]]"
441,14.714714714714715,1,found,65,31,78,0.6860195398330688,92.6416629954474,"[[369.4581604003906, 289.8466796875], [225.34445190429688, 79.94451141357422], [345.76171875, 11.97032642364502], [489.4070129394531, 208.94459533691406]]"
442,14.748081414748082,1,found,36,53,77,0.9924293160438538,76.23337899713079,"[[367.60650634765625, 293.39007568359375], [224.1148681640625, 87.74563598632812], [340.7874450683594, 14.803592681884766], [488.2718505859375, 208.39361572265625]]"
443,14.78144811478145,1,found,35,55,76,0.8822026252746582,76.45583700650604,"[[361.34130859375, 297.24005126953125], [215.6743621826172, 96.0443344116211], [332.6469421386719, 24.289562225341797], [477.9249572753906, 214.03189086914062]]"
444,14.814814814814815,1,found,35,52,75,0.8163224458694458,73.03261399647454,"[[356.401123046875, 298.37530517578125], [208.6173858642578, 100.14641571044922], [324.4090576171875, 30.78882598876953], [470.40081787109375, 215.104248046875]]"
445,14.848181514848182,1,found,34,59,72,0.9181721806526184,74.1376029982348,"[[348.37060546875, 302.8562927246094], [199.07833862304688, 106.3296890258789], [313.96868896484375, 36.306915283203125], [459.3250732421875, 218.45623779296875]]"
446,14.88154821488155,1,found,24,62,66,0.9463058114051819,69.46696299564792,"[[337.33734130859375, 313.28955078125], [182.74620056152344, 118.00450897216797], [300.8781433105469, 48.72866439819336], [443.4579162597656, 222.16123962402344]]"
447,14.914914914914915,1,found,26,56,64,1.1287637948989868,58.78655400010757,"[[328.3255615234375, 327.6642150878906], [170.31106567382812, 133.703369140625], [286.4962158203125, 63.60588073730469], [433.88214111328125, 232.0942840576172]]"
448,14.948281614948282,1,found,28,54,57,1.058340311050415,53.67243700311519,"[[318.4368591308594, 339.28289794921875], [161.14833068847656, 151.87850952148438], [275.8884582519531, 76.527587890625], [430.4468078613281, 248.8970947265625]]"
449,14.98164831498165,1,found,32,46,61,0.8700408339500427,59.35408599907532,"[[312.9695129394531, 351.31500244140625], [152.22140502929688, 163.4559326171875], [266.4007568359375, 95.84143829345703], [412.920166015625, 258.2620849609375]]"
450,15.015015015015015,1,found,48,37,67,0.8212572932243347,74.03430200065486,"[[309.2685546875, 354.8424072265625], [148.3002471923828, 170.83799743652344], [260.4132995605469, 103.86127471923828], [408.900390625, 264.1117858886719]]"
451,15.048381715048382,1,found,38,43,67,0.8601669669151306,59.79860200022813,"[[311.58465576171875, 358.68939208984375], [147.27569580078125, 174.1585693359375], [259.54864501953125, 109.88484954833984], [405.5253601074219, 266.5671081542969]]"
452,15.08174841508175,1,found,25,53,67,0.9733673334121704,51.66088500118349,"[[316.1670837402344, 364.67926025390625], [152.18307495117188, 182.67921447753906], [261.7552490234375, 118.72349548339844], [406.6539001464844, 274.3157043457031]]"
453,15.115115115115115,1,found,28,50,63,0.9866845607757568,49.294131000351626,"[[322.5285339355469, 369.3685302734375], [160.01976013183594, 189.84559631347656], [268.4642639160156, 127.06375885009766], [414.5126037597656, 280.1378173828125]]"
454,15.148481815148482,1,found,29,49,63,0.9701266288757324,49.86494799959473,"[[330.3278503417969, 373.0952453613281], [170.65065002441406, 195.28948974609375], [276.7684326171875, 133.0124969482422], [422.9565124511719, 285.2615966796875]]"
455,15.18184851518185,1,found,36,39,64,0.9260636568069458,57.90075800177874,"[[337.4625244140625, 374.5791015625], [179.15231323242188, 197.54225158691406], [283.2171325683594, 137.2005615234375], [430.9410400390625, 287.65478515625]]"
456,15.215215215215215,1,found,34,43,65,0.9647794365882874,63.246229001379106,"[[341.67388916015625, 373.9505920410156], [185.60955810546875, 197.2941131591797], [289.21258544921875, 138.9584197998047], [435.2800598144531, 289.85552978515625]]"
457,15.248581915248582,1,found,41,41,65,0.7748552560806274,63.26863100548508,"[[344.4917907714844, 379.2077941894531], [193.51878356933594, 201.45510864257812], [293.9172058105469, 143.9510040283203], [441.045654296875, 296.8212890625]]"
458,15.28194861528195,1,found,43,40,71,0.7834043502807617,71.58709899522364,"[[346.59942626953125, 380.63311767578125], [195.39002990722656, 203.58328247070312], [298.1219177246094, 148.8846893310547], [441.1916809082031, 299.596435546875]]"
459,15.315315315315315,1,found,40,47,73,0.7662988305091858,70.29707200126722,"[[350.254638671875, 381.2495422363281], [201.40281677246094, 203.8657989501953], [302.6840515136719, 150.2007293701172], [447.6784362792969, 301.21783447265625]]"
460,15.348682015348682,1,found,29,53,72,0.780219316482544,76.38811099604936,"[[354.5658874511719, 376.89801025390625], [205.91390991210938, 201.35130310058594], [308.8443908691406, 149.71365356445312], [449.935546875, 298.5738830566406]]"
461,15.38204871538205,1,found,34,54,74,0.7600101232528687,74.72726800187957,"[[359.49530029296875, 373.5837097167969], [212.4740447998047, 198.546875], [314.4283142089844, 147.63035583496094], [457.37384033203125, 296.1702575683594]]"
462,15.415415415415415,1,found,35,51,73,0.7484390139579773,70.16818200645503,"[[364.1720275878906, 367.5], [219.02459716796875, 192.2416229248047], [320.5303649902344, 143.6761016845703], [461.9780578613281, 292.12603759765625]]"
463,15.448782115448783,1,found,32,51,74,0.6541718244552612,74.69335900532315,"[[365.46893310546875, 367.28515625], [221.68206787109375, 189.47972106933594], [323.7060546875, 142.5724334716797], [463.75372314453125, 292.7476806640625]]"
464,15.48214881548215,1,found,34,53,75,0.7784807085990906,67.98409300245112,"[[368.9473876953125, 371.55767822265625], [225.55038452148438, 193.04347229003906], [327.8343505859375, 147.65582275390625], [467.20806884765625, 297.5484619140625]]"
465,15.515515515515515,1,found,28,58,76,0.7785229682922363,62.33271800010698,"[[374.47216796875, 375.0467834472656], [234.2651824951172, 196.1343536376953], [334.8703308105469, 151.58140563964844], [474.79425048828125, 304.3770751953125]]"
466,15.548882215548883,1,found,31,59,78,0.7733259201049805,64.36702200153377,"[[379.3553466796875, 370.7769470214844], [240.85658264160156, 193.15321350097656], [343.3822937011719, 150.5918426513672], [484.23590087890625, 303.32379150390625]]"
467,15.58224891558225,1,found,30,61,84,0.9441663026809692,74.60378499672515,"[[380.436279296875, 366.1745910644531], [242.88265991210938, 185.34413146972656], [347.02130126953125, 145.41851806640625], [482.2112121582031, 296.8368835449219]]"
468,15.615615615615615,1,found,29,60,79,0.8999717831611633,89.79866899608169,"[[378.0169372558594, 366.70355224609375], [244.89459228515625, 183.603271484375], [348.08221435546875, 143.26544189453125], [490.29608154296875, 301.58966064453125]]"
469,15.648982315648983,1,found,24,64,73,0.943374752998352,68.90019399725134,"[[378.5613098144531, 374.965087890625], [244.41761779785156, 187.18788146972656], [347.7974853515625, 149.83749389648438], [481.3633117675781, 301.27484130859375]]"
470,15.68234901568235,1,found,16,66,63,0.9528148174285889,51.88209300104063,"[[375.40692138671875, 383.6687316894531], [248.95242309570312, 201.51080322265625], [350.2882995605469, 158.13595581054688], [488.330322265625, 319.79913330078125]]"
471,15.715715715715715,1,found,24,52,58,0.8612219095230103,54.81473699910566,"[[378.5292663574219, 402.43585205078125], [250.2786865234375, 215.65969848632812], [353.0977783203125, 176.72547912597656], [492.2338562011719, 339.4556579589844]]"
472,15.749082415749083,1,found,31,46,59,0.8090046048164368,64.20099800016033,"[[385.35589599609375, 409.10089111328125], [255.72909545898438, 218.46463012695312], [358.9618225097656, 182.53028869628906], [502.6009216308594, 348.9211730957031]]"
473,15.78244911578245,1,found,21,49,56,0.8311899900436401,62.97265300236177,"[[394.7325744628906, 413.9685974121094], [263.3378601074219, 221.01937866210938], [366.10748291015625, 184.88595581054688], [527.1546020507812, 357.47314453125]]"
474,15.815815815815817,1,found,11,51,56,0.8195128440856934,58.743009001773316,"[[395.82177734375, 399.0439453125], [271.0149841308594, 217.356689453125], [375.3006286621094, 182.40408325195312], [516.1839599609375, 344.7176818847656]]"
475,15.849182515849183,1,found,11,52,49,1.285761833190918,49.643463993561454,"[[389.9466552734375, 369.15167236328125], [274.4029235839844, 206.67926025390625], [381.3681335449219, 164.10928344726562], [507.53802490234375, 321.9935607910156]]"
476,15.88254921588255,1,found,11,48,47,1.4275084733963013,48.25633900327375,"[[395.89471435546875, 370.3976135253906], [271.2411193847656, 191.6880645751953], [376.04742431640625, 155.9805450439453], [511.1522216796875, 302.65887451171875]]"
477,15.915915915915917,1,found,24,42,46,1.215766429901123,48.124658002052456,"[[389.1661376953125, 360.9253845214844], [267.9796447753906, 179.9918975830078], [370.4062805175781, 141.44033813476562], [519.556640625, 308.42449951171875]]"
478,15.949282615949283,1,found,16,44,46,1.0825278759002686,50.713580996671226,"[[393.3086853027344, 356.5509948730469], [267.5606384277344, 172.2872314453125], [373.0059509277344, 138.64773559570312], [514.6950073242188, 295.80572509765625]]"
479,15.98264931598265,1,found,20,40,48,1.2726314067840576,52.53168899798766,"[[394.7714538574219, 339.8516845703125], [272.27435302734375, 162.8420867919922], [379.74957275390625, 130.81468200683594], [517.4119262695312, 289.7745666503906]]"
480,16.016016016016017,1,found,20,41,47,1.064072847366333,54.088837998278905,"[[402.0274963378906, 327.8667907714844], [279.04901123046875, 152.06666564941406], [387.6475524902344, 119.96549987792969], [522.9132690429688, 276.1610107421875]]"
481,16.049382716049383,1,found,13,42,46,0.9949637651443481,48.93508500390453,"[[407.357666015625, 319.7569274902344], [286.91790771484375, 139.59495544433594], [395.5021667480469, 111.6197280883789], [522.1087036132812, 261.0005187988281]]"
482,16.08274941608275,1,found,18,43,43,1.2106130123138428,49.112891996628605,"[[413.30609130859375, 320.2574462890625], [294.8914489746094, 127.32449340820312], [399.7460021972656, 100.61627197265625], [543.0293579101562, 263.8856506347656]]"
483,16.116116116116117,1,found,20,39,43,1.165273904800415,52.32690300181275,"[[411.67669677734375, 298.4183349609375], [292.54754638671875, 115.48170471191406], [403.2497253417969, 91.49314880371094], [524.3547973632812, 239.188720703125]]"
484,16.149482816149483,1,found,30,33,43,1.0259029865264893,62.46411500615068,"[[414.8565673828125, 305.90570068359375], [297.2102355957031, 108.62605285644531], [403.35479736328125, 85.55833435058594], [546.5966796875, 248.5609130859375]]"
485,16.18284951618285,1,found,23,33,42,0.9774659872055054,62.9435650043888,"[[414.2261047363281, 310.9480285644531], [296.9897766113281, 105.6980209350586], [401.34490966796875, 81.97139739990234], [559.8043212890625, 255.5380096435547]]"
486,16.216216216216218,1,found,24,33,44,1.0929694175720215,77.21576900075888,"[[406.29229736328125, 288.3761901855469], [295.14434814453125, 100.78340911865234], [400.98834228515625, 77.52973937988281], [541.387451171875, 244.58396911621094]]"
487,16.249582916249583,1,found,20,37,44,1.0435235500335693,80.04227899800753,"[[407.4027099609375, 295.73675537109375], [294.1321105957031, 96.27657318115234], [399.5168762207031, 74.29302978515625], [543.158447265625, 241.78404235839844]]"
488,16.28294961628295,1,found,22,33,41,0.8594117760658264,77.22244100295939,"[[406.1405944824219, 291.78399658203125], [289.4119567871094, 92.36730194091797], [398.5130310058594, 72.68069458007812], [530.4989624023438, 228.97581481933594]]"
489,16.316316316316318,1,found,24,34,41,0.9100596904754639,67.51955700019607,"[[404.5042724609375, 290.3547668457031], [288.4194641113281, 90.19661712646484], [397.3724670410156, 69.9739990234375], [533.0921630859375, 227.2864227294922]]"
490,16.349683016349683,1,found,20,36,44,1.1241741180419922,66.26880000112578,"[[398.5768127441406, 269.97369384765625], [283.59783935546875, 86.84391021728516], [395.9698791503906, 66.45833587646484], [514.1981201171875, 214.17311096191406]]"
491,16.38304971638305,1,found,23,36,46,0.823722243309021,76.64259699959075,"[[395.86444091796875, 264.8611145019531], [280.3914794921875, 84.63941955566406], [394.55609130859375, 65.51233673095703], [513.2296142578125, 214.0980682373047]]"
492,16.416416416416418,1,found,24,36,49,1.1131296157836914,80.16509500157554,"[[392.099853515625, 264.80572509765625], [280.46319580078125, 85.48936462402344], [391.30908203125, 63.620304107666016], [514.3053588867188, 217.79074096679688]]"
493,16.449783116449783,1,found,25,35,46,1.1495038270950317,77.39519800088601,"[[389.3677062988281, 269.4022216796875], [280.3697814941406, 88.65323638916016], [388.3799743652344, 63.79117965698242], [518.3377685546875, 219.5320281982422]]"
494,16.48314981648315,1,found,25,37,49,0.9154324531555176,74.33596999908332,"[[386.9996032714844, 266.72186279296875], [273.8680114746094, 85.89431762695312], [386.0018310546875, 65.34574127197266], [506.3285827636719, 217.13168334960938]]"
495,16.516516516516518,1,found,21,36,48,0.9389182329177856,69.6390950033674,"[[383.4322204589844, 264.8858337402344], [273.7247314453125, 87.76882934570312], [385.80291748046875, 64.62237548828125], [505.6468505859375, 219.21994018554688]]"
496,16.549883216549883,1,found,23,39,44,1.210951805114746,66.99879699590383,"[[387.0168762207031, 275.0322570800781], [270.05645751953125, 88.67728424072266], [383.9603271484375, 68.51619720458984], [495.2301025390625, 208.46896362304688]]"
497,16.583249916583252,1,found,15,41,45,0.9856243133544922,62.4422000037157,"[[389.2737121582031, 267.07733154296875], [278.82757568359375, 91.510986328125], [389.7179870605469, 64.77084350585938], [518.0875244140625, 219.82614135742188]]"
498,16.616616616616618,1,found,21,42,49,1.1159870624542236,51.06306499510538,"[[401.8453369140625, 269.9618225097656], [289.3616638183594, 90.4714584350586], [400.38543701171875, 65.2423095703125], [525.011474609375, 218.16146850585938]]"
499,16.649983316649983,1,found,19,45,49,1.0504945516586304,49.74432299786713,"[[416.0421447753906, 273.9326171875], [302.4732360839844, 94.04277801513672], [413.7760314941406, 67.91181945800781], [539.1155395507812, 221.02439880371094]]"
500,16.683350016683352,1,found,13,44,47,0.8843079805374146,50.70437600079458,"[[430.9607238769531, 275.2377014160156], [318.2288818359375, 98.95005798339844], [429.61480712890625, 70.51654052734375], [561.7782592773438, 229.5865936279297]]"
501,16.716716716716718,1,found,15,45,48,0.974814772605896,50.39274400041904,"[[445.26702880859375, 283.7203063964844], [334.7890930175781, 106.67533111572266], [444.374267578125, 75.83663940429688], [576.5128173828125, 233.41029357910156]]"
502,16.750083416750083,1,found,19,44,45,0.9445899724960327,50.65629800083116,"[[458.5362854003906, 288.843017578125], [347.3519592285156, 112.44803619384766], [458.1539001464844, 81.6461181640625], [583.9712524414062, 235.2117462158203]]"
503,16.783450116783452,1,found,18,38,46,1.0916496515274048,52.1187730046222,"[[468.3408203125, 296.8853454589844], [357.4259033203125, 120.39997100830078], [468.4543762207031, 86.38349151611328], [600.3699951171875, 244.22592163085938]]"
504,16.816816816816818,1,found,22,41,46,1.0760462284088135,57.76714599778643,"[[474.1396789550781, 304.3063659667969], [364.0307922363281, 127.7111587524414], [475.1932067871094, 92.26335144042969], [607.5411987304688, 250.8872528076172]]"
505,16.850183516850183,1,found,27,37,53,0.9706552028656006,60.723674003384076,"[[475.38623046875, 309.3057861328125], [366.5560302734375, 131.28414916992188], [479.96673583984375, 97.44422149658203], [608.6705322265625, 260.9648132324219]]"
506,16.883550216883553,1,found,23,38,51,0.8810633420944214,62.93788000039058,"[[472.0325927734375, 316.7696228027344], [363.16357421875, 139.48037719726562], [478.64923095703125, 102.88457489013672], [606.2974243164062, 263.54449462890625]]"
507,16.916916916916918,1,found,26,36,52,0.9606609344482422,61.26974599465029,"[[465.1863708496094, 324.4572448730469], [360.3366394042969, 147.3190460205078], [473.8751525878906, 107.86634826660156], [602.0559692382812, 268.7948913574219]]"
508,16.950283616950284,1,found,26,37,51,0.9429293870925903,67.68453700351529,"[[457.33917236328125, 333.709716796875], [355.2991943359375, 153.18975830078125], [466.6525573730469, 113.73078918457031], [592.2218017578125, 271.8385009765625]]"
509,16.983650316983653,1,found,28,43,50,1.1329619884490967,65.43553200026508,"[[446.6255187988281, 331.7903137207031], [350.7998046875, 158.3550567626953], [461.1316833496094, 111.04579162597656], [598.199951171875, 287.91796875]]"
510,17.017017017017018,1,found,27,40,51,1.0334843397140503,67.68647599528776,"[[435.8930969238281, 340.6090087890625], [338.9181823730469, 161.67845153808594], [450.05267333984375, 119.35575866699219], [569.5032958984375, 279.45574951171875]]"
511,17.050383717050384,1,found,26,43,43,1.0584828853607178,59.940150000329595,"[[428.3801574707031, 331.4837951660156], [325.3927917480469, 163.84165954589844], [442.8338317871094, 120.04618835449219], [548.58544921875, 266.0351867675781]]"
512,17.083750417083753,1,found,17,40,41,1.1672344207763672,52.87003600096796,"[[420.16339111328125, 336.8855895996094], [324.46319580078125, 162.72442626953125], [435.61083984375, 113.72377014160156], [573.912353515625, 284.7490539550781]]"
513,17.117117117117118,1,found,21,38,36,0.9087559580802917,51.82783199416008,"[[414.1131286621094, 356.0307312011719], [316.5301818847656, 157.81346130371094], [421.893310546875, 108.40966796875], [638.8592529296875, 329.5859680175781]]"
514,17.150483817150484,1,found,27,32,37,1.2123181819915771,51.302546999068,"[[391.261474609375, 318.8946533203125], [297.30865478515625, 154.87802124023438], [405.98040771484375, 102.72377014160156], [512.52880859375, 257.0601806640625]]"
515,17.183850517183853,1,found,21,31,39,1.0971461534500122,61.07239900302375,"[[378.7427062988281, 312.6331481933594], [286.66943359375, 155.14976501464844], [397.6209411621094, 92.89356231689453], [511.83233642578125, 254.88307189941406]]"
516,17.217217217217218,1,found,23,29,39,1.2055432796478271,74.58915299503133,"[[369.7467346191406, 310.2957458496094], [286.3796081542969, 158.490234375], [388.21405029296875, 86.63445281982422], [508.6470642089844, 250.18865966796875]]"
517,17.250583917250584,1,found,34,27,36,0.9378688931465149,76.06799800123554,"[[367.1711730957031, 324.44781494140625], [282.5956115722656, 153.1832275390625], [385.1484375, 84.6446762084961], [572.756103515625, 295.0096435546875]]"
518,17.283950617283953,1,found,27,27,40,1.18336820602417,70.61501400312409,"[[357.1642150878906, 316.57427978515625], [270.28717041015625, 154.79379272460938], [371.85687255859375, 95.78968811035156], [471.4749755859375, 240.25537109375]]"
519,17.31731731731732,1,found,24,31,39,0.9839261174201965,69.71589300519554,"[[348.7862548828125, 314.06573486328125], [268.3707275390625, 156.4585418701172], [367.74725341796875, 93.60000610351562], [466.3445739746094, 242.95094299316406]]"
520,17.350684017350684,1,found,17,33,39,1.0740489959716797,72.26923299458576,"[[340.0077209472656, 317.98272705078125], [259.96954345703125, 158.40847778320312], [358.5283508300781, 98.12371063232422], [449.1365051269531, 241.74412536621094]]"
521,17.384050717384053,1,found,11,35,38,0.9587876200675964,69.70988200191641,"[[329.509521484375, 323.1409606933594], [253.90576171875, 164.50653076171875], [348.936279296875, 102.50022888183594], [437.9627685546875, 245.83465576171875]]"
522,17.41741741741742,1,found,18,32,37,0.8560426235198975,71.89615700190188,"[[319.6263122558594, 328.8912048339844], [246.255126953125, 171.9136199951172], [340.2111511230469, 108.61666870117188], [425.5888671875, 250.25733947753906]]"
523,17.450784117450784,1,found,17,33,40,0.9761624932289124,77.94901900342666,"[[311.1913146972656, 340.5118408203125], [242.5635223388672, 182.1417236328125], [332.0985107421875, 116.71778869628906], [426.67596435546875, 261.8459777832031]]"
524,17.484150817484153,1,found,21,33,41,0.779771625995636,73.19689399446361,"[[304.0413513183594, 344.8055419921875], [236.6734161376953, 189.203857421875], [324.7740173339844, 123.56358337402344], [411.44989013671875, 264.46722412109375]]"
525,17.51751751751752,1,found,26,37,40,0.9601528644561768,76.68981900496874,"[[292.5286865234375, 347.6578674316406], [231.84674072265625, 199.5551300048828], [318.8211975097656, 127.73565673828125], [402.5177917480469, 276.1067199707031]]"
526,17.550884217550884,1,found,23,33,39,0.9861608147621155,65.29843700263882,"[[285.3140869140625, 356.4971923828125], [225.12890625, 208.32034301757812], [309.9095764160156, 140.08145141601562], [386.9196472167969, 283.845703125]]"
527,17.584250917584253,1,found,18,34,35,0.7896193861961365,81.2050820022705,"[[281.6224060058594, 375.7882080078125], [218.41140747070312, 214.5767364501953], [301.82513427734375, 158.44842529296875], [365.2434387207031, 280.3235168457031]]"
528,17.61761761761762,1,found,23,27,34,0.8210241794586182,84.86143800109858,"[[278.13916015625, 367.6287536621094], [221.86923217773438, 219.45529174804688], [298.84796142578125, 160.26332092285156], [361.5339050292969, 294.35888671875]]"
529,17.650984317650984,1,found,20,23,35,0.8108758330345154,80.43690199701814,"[[273.7627868652344, 371.51202392578125], [217.36380004882812, 223.4873504638672], [293.0914306640625, 165.42637634277344], [358.42962646484375, 294.2341613769531]]"
530,17.684351017684353,1,found,19,27,35,0.8066339492797852,77.65423099772306,"[[267.93963623046875, 371.0387878417969], [213.84751892089844, 224.77459716796875], [288.3078308105469, 167.9245147705078], [348.328125, 295.5981140136719]]"
531,17.71771771771772,1,found,28,23,36,0.9531652927398682,75.70063200546429,"[[266.27496337890625, 369.2511291503906], [213.43235778808594, 226.5000457763672], [286.74755859375, 168.36524963378906], [348.1063232421875, 294.5597229003906]]"
532,17.751084417751084,1,found,23,26,36,0.849507212638855,75.10980799997924,"[[264.3770751953125, 368.9560241699219], [213.75161743164062, 226.51278686523438], [286.070068359375, 168.35641479492188], [349.0705871582031, 296.0040588378906]]"
533,17.784451117784453,1,found,22,29,38,0.8791472911834717,89.19192199391546,"[[265.1405029296875, 368.0578918457031], [212.81480407714844, 226.14529418945312], [284.2254333496094, 168.14413452148438], [344.8544616699219, 293.663330078125]]"
534,17.81781781781782,1,found,20,30,38,0.7912916541099548,90.93722800025716,"[[263.5582275390625, 363.6369323730469], [214.28709411621094, 225.18638610839844], [285.8851013183594, 166.4601287841797], [349.54779052734375, 294.20623779296875]]"
535,17.851184517851184,1,found,28,24,38,0.8274279832839966,91.38699699542485,"[[265.66973876953125, 360.989990234375], [216.66822814941406, 223.92222595214844], [286.35357666015625, 164.69601440429688], [348.869873046875, 291.23211669921875]]"
536,17.884551217884553,1,found,22,29,39,0.8575350642204285,91.55531600117683,"[[267.0380859375, 355.3725280761719], [219.2452850341797, 221.62644958496094], [289.14031982421875, 160.4902801513672], [351.05010986328125, 288.2868347167969]]"
537,17.91791791791792,1,found,29,31,39,0.8485901951789856,80.95472300192341,"[[268.46942138671875, 352.7316589355469], [221.15902709960938, 218.2011260986328], [290.1587219238281, 158.93035888671875], [351.1119079589844, 281.14520263671875]]"
538,17.951284617951284,1,found,23,30,40,0.7363910675048828,80.95232800405938,"[[272.28955078125, 344.16790771484375], [224.20147705078125, 212.66355895996094], [292.9046325683594, 151.57701110839844], [354.2369384765625, 277.92462158203125]]"
539,17.984651317984653,1,found,23,30,36,0.8938025236129761,88.54344199789921,"[[274.9083251953125, 350.2464294433594], [224.5030059814453, 208.3980712890625], [293.04815673828125, 151.1889190673828], [351.0240173339844, 270.39984130859375]]"
540,18.01801801801802,1,found,24,27,38,0.8911731243133545,98.53639899665723,"[[275.617431640625, 339.3167724609375], [226.78334045410156, 206.63259887695312], [294.0401916503906, 147.67337036132812], [353.2030029296875, 269.25421142578125]]"
541,18.051384718051384,1,found,16,27,38,0.8384079933166504,93.44096900167642,"[[276.55303955078125, 337.0450744628906], [229.37721252441406, 203.83126831054688], [295.1799621582031, 145.3120574951172], [354.1686706542969, 268.1801452636719]]"
542,18.084751418084753,1,found,22,29,39,0.9126928448677063,93.40875000634696,"[[278.926513671875, 331.8718566894531], [232.4709014892578, 201.2782440185547], [297.8825988769531, 139.9012451171875], [357.60809326171875, 266.4288635253906]]"
543,18.11811811811812,1,found,15,32,40,0.7751966118812561,94.7311899944907,"[[279.17279052734375, 331.5157470703125], [232.68597412109375, 200.70425415039062], [299.2237548828125, 140.1115264892578], [358.83062744140625, 267.0371398925781]]"
544,18.151484818151484,1,found,14,31,39,0.6995709538459778,92.34571800334379,"[[279.7552795410156, 332.7503356933594], [234.14649963378906, 200.5483856201172], [299.2410583496094, 141.74642944335938], [358.8996276855469, 265.9273986816406]]"
545,18.184851518184853,1,found,18,30,39,0.7300866842269897,94.71597200172255,"[[281.34674072265625, 331.51019287109375], [235.7364501953125, 199.0083465576172], [301.4479064941406, 139.94400024414062], [360.4527587890625, 265.0948791503906]]"
546,18.21821821821822,1,found,22,30,39,0.9497218132019043,83.99680600268766,"[[283.50213623046875, 330.52093505859375], [237.11892700195312, 198.2924041748047], [303.3292541503906, 138.1546173095703], [360.6751403808594, 265.2593688964844]]"
547,18.251584918251584,1,found,23,29,39,0.7306091785430908,75.23581499845022,"[[284.5636901855469, 331.62420654296875], [239.24978637695312, 197.83615112304688], [304.9331359863281, 139.8000946044922], [362.93646240234375, 265.1134033203125]]"
548,18.284951618284953,1,found,23,28,39,0.6027852892875671,94.28896999452263,"[[285.2150573730469, 331.4046325683594], [241.2304229736328, 197.74649047851562], [307.3223876953125, 140.47894287109375], [365.5577392578125, 266.6435852050781]]"
549,18.31831831831832,1,found,26,24,39,0.7043339014053345,86.54920000117272,"[[287.0276184082031, 332.65997314453125], [243.86375427246094, 198.5617218017578], [308.93505859375, 141.52935791015625], [366.3611145019531, 268.3159484863281]]"
550,18.351685018351684,1,found,29,26,39,0.8066527247428894,78.17468400025973,"[[287.8807678222656, 334.6795349121094], [245.35910034179688, 199.58084106445312], [311.13104248046875, 143.2533721923828], [368.3030090332031, 269.2248840332031]]"
551,18.385051718385053,1,found,25,27,39,0.9835956692695618,76.27509399753762,"[[288.42059326171875, 335.8896484375], [247.27464294433594, 200.53781127929688], [313.71490478515625, 144.3236846923828], [369.2868957519531, 271.4073486328125]]"
552,18.41841841841842,1,found,17,33,40,0.9573250412940979,87.29718399990816,"[[290.8464660644531, 336.68902587890625], [248.9031982421875, 202.36044311523438], [315.2827453613281, 145.5850830078125], [369.9393310546875, 273.4249267578125]]"
553,18.451785118451784,1,found,20,31,40,0.8421454429626465,83.52884100168012,"[[291.4627685546875, 339.0676574707031], [250.15643310546875, 204.44760131835938], [317.0598449707031, 147.6405487060547], [371.8200988769531, 276.27337646484375]]"
554,18.485151818485154,1,found,21,28,41,0.6662851572036743,89.15401600097539,"[[291.0871276855469, 341.23822021484375], [251.11392211914062, 206.2489013671875], [318.6796875, 149.90438842773438], [372.3172912597656, 279.34075927734375]]"
555,18.51851851851852,1,found,18,33,41,0.6926799416542053,90.99625000089873,"[[291.7823791503906, 343.674072265625], [252.21487426757812, 208.97396850585938], [319.50836181640625, 151.843505859375], [373.1188049316406, 282.37310791015625]]"
556,18.551885218551885,1,found,18,33,41,0.666906476020813,87.78479999455158,"[[291.4723205566406, 345.62139892578125], [252.43797302246094, 210.7726287841797], [319.54254150390625, 153.88133239746094], [372.73309326171875, 285.1009216308594]]"
557,18.585251918585254,1,found,21,35,43,0.6900581121444702,91.93368799606105,"[[290.8026123046875, 348.7193298339844], [251.97256469726562, 212.58544921875], [319.05804443359375, 156.9866943359375], [371.1251220703125, 287.02740478515625]]"
